<?xml version="1.0" encoding="utf-8"?>
<Level>
  <Name>"Bana4"</Name>
  <Backgrounds>
    <Background>
      <Frames>1</Frames>
      <Speed>120</Speed>
      <SpriteName>"BackgroundBana4"</SpriteName>
      <Position>
        <x>0</x>
        <y>0</y>
      </Position>
    </Background>
  </Backgrounds>

  <Objects>
    <Unit>
      <Type>"Player"</Type>
      <Position>
        <x>128</x>
        <y>320</y>
      </Position>
      <Size>
        <x>64</x>
        <y>64</y>
      </Size>
    </Unit>

    <Unit>
      <Type>"Laser"</Type>
      <Position>
        <x>192</x>
        <y>448</y>
      </Position>
      <Id>"LaserYellow1"</Id>
      <Active>true</Active>
      <Length>896</Length>
      <Rotation>270</Rotation>
      <Color>"Yellow"</Color>
      <VisibilityRange>100</VisibilityRange>
    </Unit>

    <Unit>
      <Type>"MiniBot"</Type>
      <Position>
        <x>192</x>
        <y>448</y>
      </Position>
      <Rotation>0</Rotation>
      <Length>864</Length>
      <SideWays>true</SideWays>
    </Unit>

    <Unit>
      <Type>"Platform"</Type>
      <SpriteName>"TileL2j"</SpriteName>
      <Position>
        <x>128</x>
        <y>416</y>
      </Position>
      <Size>
        <x>64</x>
        <y>64</y>
      </Size>
    </Unit>
    <Unit>
      <Type>"Platform"</Type>
      <SpriteName>"TileL4f"</SpriteName>
      <Position>
        <x>128</x>
        <y>480</y>
      </Position>
      <Size>
        <x>64</x>
        <y>64</y>
      </Size>
    </Unit>
    <Unit>
      <Type>"Platform"</Type>
      <SpriteName>"TileL4a"</SpriteName>
      <Position>
        <x>192</x>
        <y>480</y>
      </Position>
      <Size>
        <x>64</x>
        <y>64</y>
      </Size>
    </Unit>
    <Unit>
      <Type>"Platform"</Type>
      <SpriteName>"TileL4d"</SpriteName>
      <Position>
        <x>256</x>
        <y>480</y>
      </Position>
      <Size>
        <x>64</x>
        <y>64</y>
      </Size>
    </Unit>
    <Unit>
      <Type>"Platform"</Type>
      <SpriteName>"TileL4a"</SpriteName>
      <Position>
        <x>320</x>
        <y>480</y>
      </Position>
      <Size>
        <x>64</x>
        <y>64</y>
      </Size>
    </Unit>
    <Unit>
      <Type>"Platform"</Type>
      <SpriteName>"TileL4b"</SpriteName>
      <Position>
        <x>384</x>
        <y>480</y>
      </Position>
      <Size>
        <x>64</x>
        <y>64</y>
      </Size>
    </Unit>
    <Unit>
      <Type>"Platform"</Type>
      <SpriteName>"TileL4a"</SpriteName>
      <Position>
        <x>448</x>
        <y>480</y>
      </Position>
      <Size>
        <x>64</x>
        <y>64</y>
      </Size>
    </Unit>
    <Unit>
      <Type>"Platform"</Type>
      <SpriteName>"TileL4c"</SpriteName>
      <Position>
        <x>512</x>
        <y>480</y>
      </Position>
      <Size>
        <x>64</x>
        <y>64</y>
      </Size>
    </Unit>
    <Unit>
      <Type>"Platform"</Type>
      <SpriteName>"TileL4a"</SpriteName>
      <Position>
        <x>576</x>
        <y>480</y>
      </Position>
      <Size>
        <x>64</x>
        <y>64</y>
      </Size>
    </Unit>
    <Unit>
      <Type>"Platform"</Type>
      <SpriteName>"TileL4a"</SpriteName>
      <Position>
        <x>640</x>
        <y>480</y>
      </Position>
      <Size>
        <x>64</x>
        <y>64</y>
      </Size>
    </Unit>
    <Unit>
      <Type>"Platform"</Type>
      <SpriteName>"TileL4d"</SpriteName>
      <Position>
        <x>704</x>
        <y>480</y>
      </Position>
      <Size>
        <x>64</x>
        <y>64</y>
      </Size>
    </Unit>
    <Unit>
      <Type>"Platform"</Type>
      <SpriteName>"TileL4c"</SpriteName>
      <Position>
        <x>768</x>
        <y>480</y>
      </Position>
      <Size>
        <x>64</x>
        <y>64</y>
      </Size>
    </Unit>
    <Unit>
      <Type>"Platform"</Type>
      <SpriteName>"TileL4a"</SpriteName>
      <Position>
        <x>832</x>
        <y>480</y>
      </Position>
      <Size>
        <x>64</x>
        <y>64</y>
      </Size>
    </Unit>
    <Unit>
      <Type>"Platform"</Type>
      <SpriteName>"TileL4b"</SpriteName>
      <Position>
        <x>896</x>
        <y>480</y>
      </Position>
      <Size>
        <x>64</x>
        <y>64</y>
      </Size>
    </Unit>
    <Unit>
      <Type>"Platform"</Type>
      <SpriteName>"TileL4a"</SpriteName>
      <Position>
        <x>960</x>
        <y>480</y>
      </Position>
      <Size>
        <x>64</x>
        <y>64</y>
      </Size>
    </Unit>
    <Unit>
      <Type>"Platform"</Type>
      <SpriteName>"TileL4a"</SpriteName>
      <Position>
        <x>1024</x>
        <y>480</y>
      </Position>
      <Size>
        <x>64</x>
        <y>64</y>
      </Size>
    </Unit>
    <Unit>
      <Type>"Platform"</Type>
      <SpriteName>"TileL4e"</SpriteName>
      <Position>
        <x>1088</x>
        <y>480</y>
      </Position>
      <Size>
        <x>64</x>
        <y>64</y>
      </Size>
    </Unit>
    <Unit>
      <Type>"Platform"</Type>
      <SpriteName>"TileL2j"</SpriteName>
      <Position>
        <x>1088</x>
        <y>416</y>
      </Position>
      <Size>
        <x>64</x>
        <y>64</y>
      </Size>
    </Unit>

    <Unit>
      <Type>"Platform"</Type>
      <SpriteName>"TileL3Higha"</SpriteName>
      <Position>
        <x>400</x>
        <y>160</y>
      </Position>
    </Unit>
    <Unit>
      <Type>"Platform"</Type>
      <SpriteName>"TileL3Higha"</SpriteName>
      <Position>
        <x>800</x>
        <y>160</y>
      </Position>
    </Unit>

    <Unit>
      <Type>"Door"</Type>
      <SpriteName>"Exit"</SpriteName>
      <Position>
        <x>1088</x>
        <y>288</y>
      </Position>
      <Size>
        <x>32</x>
        <y>96</y>
      </Size>
      <Offset>
        <x>32</x>
        <y>0</y>
      </Offset>
      <Behind>true</Behind>
      <Solid>false</Solid>
      <Behind>true</Behind>
    </Unit>
    
    <Unit>
      <Type>"AntiMagnet"</Type>
      <SpriteName>"AntiMagnet"</SpriteName>
      <Position>
        <x>64</x>
        <y>64</y>
      </Position>
    </Unit>
    <Unit>
      <Type>"AntiMagnet"</Type>
      <SpriteName>"AntiMagnet"</SpriteName>
      <Position>
        <x>128</x>
        <y>64</y>
      </Position>
    </Unit>
    <Unit>
      <Type>"AntiMagnet"</Type>
      <SpriteName>"AntiMagnet"</SpriteName>
      <Position>
        <x>192</x>
        <y>64</y>
      </Position>
    </Unit>
    <Unit>
      <Type>"AntiMagnet"</Type>
      <SpriteName>"AntiMagnet"</SpriteName>
      <Position>
        <x>256</x>
        <y>64</y>
      </Position>
    </Unit>
    <Unit>
      <Type>"AntiMagnet"</Type>
      <SpriteName>"AntiMagnet"</SpriteName>
      <Position>
        <x>320</x>
        <y>64</y>
      </Position>
    </Unit>
    <Unit>
      <Type>"AntiMagnet"</Type>
      <SpriteName>"AntiMagnet"</SpriteName>
      <Position>
        <x>384</x>
        <y>64</y>
      </Position>
    </Unit>
    <Unit>
      <Type>"AntiMagnet"</Type>
      <SpriteName>"AntiMagnet"</SpriteName>
      <Position>
        <x>448</x>
        <y>64</y>
      </Position>
    </Unit>
    <Unit>
      <Type>"AntiMagnet"</Type>
      <SpriteName>"AntiMagnet"</SpriteName>
      <Position>
        <x>512</x>
        <y>64</y>
      </Position>
    </Unit>
    <Unit>
      <Type>"AntiMagnet"</Type>
      <SpriteName>"AntiMagnet"</SpriteName>
      <Position>
        <x>576</x>
        <y>64</y>
      </Position>
    </Unit>
    <Unit>
      <Type>"AntiMagnet"</Type>
      <SpriteName>"AntiMagnet"</SpriteName>
      <Position>
        <x>640</x>
        <y>64</y>
      </Position>
    </Unit>
    <Unit>
      <Type>"AntiMagnet"</Type>
      <SpriteName>"AntiMagnet"</SpriteName>
      <Position>
        <x>704</x>
        <y>64</y>
      </Position>
    </Unit>
    <Unit>
      <Type>"AntiMagnet"</Type>
      <SpriteName>"AntiMagnet"</SpriteName>
      <Position>
        <x>768</x>
        <y>64</y>
      </Position>
    </Unit>
    <Unit>
      <Type>"AntiMagnet"</Type>
      <SpriteName>"AntiMagnet"</SpriteName>
      <Position>
        <x>832</x>
        <y>64</y>
      </Position>
    </Unit>
    <Unit>
      <Type>"AntiMagnet"</Type>
      <SpriteName>"AntiMagnet"</SpriteName>
      <Position>
        <x>896</x>
        <y>64</y>
      </Position>
    </Unit>
    <Unit>
      <Type>"AntiMagnet"</Type>
      <SpriteName>"AntiMagnet"</SpriteName>
      <Position>
        <x>960</x>
        <y>64</y>
      </Position>
    </Unit>
    <Unit>
      <Type>"AntiMagnet"</Type>
      <SpriteName>"AntiMagnet"</SpriteName>
      <Position>
        <x>1024</x>
        <y>64</y>
      </Position>
    </Unit>
    <Unit>
      <Type>"AntiMagnet"</Type>
      <SpriteName>"AntiMagnet"</SpriteName>
      <Position>
        <x>1088</x>
        <y>64</y>
      </Position>
    </Unit>
    <Unit>
      <Type>"AntiMagnet"</Type>
      <SpriteName>"AntiMagnet"</SpriteName>
      <Position>
        <x>1152</x>
        <y>64</y>
      </Position>
    </Unit>

    <Unit>
      <Type>"Lava"</Type>
      <SpriteName>"LavaMiddle"</SpriteName>
      <Frames>8</Frames>
      <Speed>180</Speed>
      <Position>
        <x>64</x>
        <y>704</y>
      </Position>
      <Size>
        <x>64</x>
        <y>64</y>
      </Size>
    </Unit>
    <Unit>
      <Type>"Lava"</Type>
      <SpriteName>"LavaMiddle"</SpriteName>
      <Frames>8</Frames>
      <Speed>180</Speed>
      <Position>
        <x>128</x>
        <y>704</y>
      </Position>
      <Size>
        <x>64</x>
        <y>64</y>
      </Size>
    </Unit>
    <Unit>
      <Type>"Lava"</Type>
      <SpriteName>"LavaMiddle"</SpriteName>
      <Frames>8</Frames>
      <Speed>180</Speed>
      <Position>
        <x>192</x>
        <y>704</y>
      </Position>
      <Size>
        <x>64</x>
        <y>64</y>
      </Size>
    </Unit>
    <Unit>
      <Type>"Lava"</Type>
      <SpriteName>"LavaMiddle"</SpriteName>
      <Frames>8</Frames>
      <Speed>180</Speed>
      <Position>
        <x>256</x>
        <y>704</y>
      </Position>
      <Size>
        <x>64</x>
        <y>64</y>
      </Size>
    </Unit>
    <Unit>
      <Type>"Lava"</Type>
      <SpriteName>"LavaMiddle"</SpriteName>
      <Frames>8</Frames>
      <Speed>180</Speed>
      <Position>
        <x>320</x>
        <y>704</y>
      </Position>
      <Size>
        <x>64</x>
        <y>64</y>
      </Size>
    </Unit>
    <Unit>
      <Type>"Lava"</Type>
      <SpriteName>"LavaMiddle"</SpriteName>
      <Frames>8</Frames>
      <Speed>180</Speed>
      <Position>
        <x>384</x>
        <y>704</y>
      </Position>
      <Size>
        <x>64</x>
        <y>64</y>
      </Size>
    </Unit>
    <Unit>
      <Type>"Lava"</Type>
      <SpriteName>"LavaMiddle"</SpriteName>
      <Frames>8</Frames>
      <Speed>180</Speed>
      <Position>
        <x>448</x>
        <y>704</y>
      </Position>
      <Size>
        <x>64</x>
        <y>64</y>
      </Size>
    </Unit>
    <Unit>
      <Type>"Lava"</Type>
      <SpriteName>"LavaMiddle"</SpriteName>
      <Frames>8</Frames>
      <Speed>180</Speed>
      <Position>
        <x>512</x>
        <y>704</y>
      </Position>
      <Size>
        <x>64</x>
        <y>64</y>
      </Size>
    </Unit>
    <Unit>
      <Type>"Lava"</Type>
      <SpriteName>"LavaMiddle"</SpriteName>
      <Frames>8</Frames>
      <Speed>180</Speed>
      <Position>
        <x>576</x>
        <y>704</y>
      </Position>
      <Size>
        <x>64</x>
        <y>64</y>
      </Size>
    </Unit>
    <Unit>
      <Type>"Lava"</Type>
      <SpriteName>"LavaMiddle"</SpriteName>
      <Frames>8</Frames>
      <Speed>180</Speed>
      <Position>
        <x>640</x>
        <y>704</y>
      </Position>
      <Size>
        <x>64</x>
        <y>64</y>
      </Size>
    </Unit>
    <Unit>
      <Type>"Lava"</Type>
      <SpriteName>"LavaMiddle"</SpriteName>
      <Frames>8</Frames>
      <Speed>180</Speed>
      <Position>
        <x>704</x>
        <y>704</y>
      </Position>
      <Size>
        <x>64</x>
        <y>64</y>
      </Size>
    </Unit>
    <Unit>
      <Type>"Lava"</Type>
      <SpriteName>"LavaMiddle"</SpriteName>
      <Frames>8</Frames>
      <Speed>180</Speed>
      <Position>
        <x>768</x>
        <y>704</y>
      </Position>
      <Size>
        <x>64</x>
        <y>64</y>
      </Size>
    </Unit>
    <Unit>
      <Type>"Lava"</Type>
      <SpriteName>"LavaMiddle"</SpriteName>
      <Frames>8</Frames>
      <Speed>180</Speed>
      <Position>
        <x>832</x>
        <y>704</y>
      </Position>
      <Size>
        <x>64</x>
        <y>64</y>
      </Size>
    </Unit>
    <Unit>
      <Type>"Lava"</Type>
      <SpriteName>"LavaMiddle"</SpriteName>
      <Frames>8</Frames>
      <Speed>180</Speed>
      <Position>
        <x>896</x>
        <y>704</y>
      </Position>
      <Size>
        <x>64</x>
        <y>64</y>
      </Size>
    </Unit>
    <Unit>
      <Type>"Lava"</Type>
      <SpriteName>"LavaMiddle"</SpriteName>
      <Frames>8</Frames>
      <Speed>180</Speed>
      <Position>
        <x>960</x>
        <y>704</y>
      </Position>
      <Size>
        <x>64</x>
        <y>64</y>
      </Size>
    </Unit>
    <Unit>
      <Type>"Lava"</Type>
      <SpriteName>"LavaMiddle"</SpriteName>
      <Frames>8</Frames>
      <Speed>180</Speed>
      <Position>
        <x>1024</x>
        <y>704</y>
      </Position>
      <Size>
        <x>64</x>
        <y>64</y>
      </Size>
    </Unit>
    <Unit>
      <Type>"Lava"</Type>
      <SpriteName>"LavaMiddle"</SpriteName>
      <Frames>8</Frames>
      <Speed>180</Speed>
      <Position>
        <x>1088</x>
        <y>704</y>
      </Position>
      <Size>
        <x>64</x>
        <y>64</y>
      </Size>
    </Unit>
    <Unit>
      <Type>"Lava"</Type>
      <SpriteName>"LavaMiddle"</SpriteName>
      <Frames>8</Frames>
      <Speed>180</Speed>
      <Position>
        <x>1152</x>
        <y>704</y>
      </Position>
      <Size>
        <x>64</x>
        <y>64</y>
      </Size>
    </Unit>

    <Unit>
      <Type>"Ram"</Type>
      <SpriteName>"RamTop1"</SpriteName>
      <Position>
        <x>0</x>
        <y>0</y>
      </Position>
    </Unit>
    <Unit>
      <Type>"Ram"</Type>
      <SpriteName>"RamTop2"</SpriteName>
      <Position>
        <x>640</x>
        <y>0</y>
      </Position>
    </Unit>
    <Unit>
      <Type>"Ram"</Type>
      <SpriteName>"RamLeft1"</SpriteName>
      <Position>
        <x>0</x>
        <y>64</y>
      </Position>
    </Unit>
    <Unit>
      <Type>"Ram"</Type>
      <SpriteName>"RamRight1"</SpriteName>
      <Position>
        <x>1216</x>
        <y>64</y>
      </Position>
    </Unit>
    <Unit>
      <Type>"Ram"</Type>
      <SpriteName>"RamPipeLeft1"</SpriteName>
      <Position>
        <x>0</x>
        <y>696</y>
      </Position>
    </Unit>
    <Unit>
      <Type>"Ram"</Type>
      <SpriteName>"RamPipeRight1"</SpriteName>
      <Position>
        <x>1202</x>
        <y>696</y>
      </Position>
    </Unit>
  </Objects>
</Level>