<?xml version="1.0"?>
<Level>
	<Name>"Bana1"</Name>
  <Backgrounds>
    <Background>
      <Frames>1</Frames>
      <Speed>120</Speed>
      <SpriteName>"Bana1_bg1"</SpriteName>
      <Position>
        <x>0</x>
        <y>0</y>
      </Position>
    </Background>
  </Backgrounds>
  
	<Objects>
		<Unit>
			<Type>"Player"</Type>
			<Position>
				<x>64</x>
				<y>352</y>
			</Position>
			<Size>
				<x>64</x>
				<y>64</y>
			</Size>
		</Unit>

    <Unit>
      <Type>"Laser"</Type>
      <Position>
        <x>530</x>
        <y>192</y>
      </Position>
      <Id>"LaserRedMeanix"</Id>
      <Active>true</Active>
      <Length>150</Length>
      <Rotation>180</Rotation>
      <Color>"Red"</Color>
      <VisibilityRange>100</VisibilityRange>
    </Unit>
    <Unit>
      <Type>"Laser"</Type>
      <Position>
        <x>816</x>
        <y>192</y>
      </Position>
      <Id>"LaserRedMeanix"</Id>
      <Active>true</Active>
      <Length>150</Length>
      <Rotation>180</Rotation>
      <Color>"Red"</Color>
      <VisibilityRange>100</VisibilityRange>
    </Unit>

    <Unit>
      <Type>"Meanix"</Type>
      <SpriteName>"MeanixAni"</SpriteName>
      <SpriteName2>"MeanixAniL"</SpriteName2>
      <Frames>8</Frames>
      <Speed>100</Speed>
      <Position>
        <x>640</x>
        <y>96</y>
      </Position>
      <Size>
        <x>0</x>
        <y>0</y>
      </Size>
    </Unit>

    <Unit>
			<Type>"Platform"</Type>
			<SpriteName>"TileL1a"</SpriteName>
			<Position>
				<x>64</x>
				<y>480</y>
			</Position>
			<Size>
				<x>64</x>
				<y>64</y>
			</Size>
		</Unit>
		<Unit>
			<Type>"Platform"</Type>
			<SpriteName>"TileL1a"</SpriteName>
			<Position>
				<x>192</x>
				<y>512</y>
			</Position>
			<Size>
				<x>64</x>
				<y>64</y>
			</Size>
		</Unit>
		<Unit>
			<Type>"Platform"</Type>
			<SpriteName>"TileL1b"</SpriteName>
			<Position>
				<x>320</x>
				<y>416</y>
			</Position>
			<Size>
				<x>64</x>
				<y>64</y>
			</Size>
		</Unit>
		<Unit>
			<Type>"Platform"</Type>
			<SpriteName>"TileL1c"</SpriteName>
			<Position>
				<x>320</x>
				<y>480</y>
			</Position>
			<Size>
				<x>64</x>
				<y>64</y>
			</Size>
		</Unit>
		<Unit>
			<Type>"Platform"</Type>
			<SpriteName>"TileL1d"</SpriteName>
			<Position>
				<x>384</x>
				<y>480</y>
			</Position>
			<Size>
				<x>64</x>
				<y>64</y>
			</Size>
		</Unit>
		<Unit>
			<Type>"Platform"</Type>
			<SpriteName>"TileL1e"</SpriteName>
			<Position>
				<x>448</x>
				<y>480</y>
			</Position>
			<Size>
				<x>64</x>
				<y>64</y>
			</Size>
		</Unit>
		<Unit>
			<Type>"Platform"</Type>
			<SpriteName>"TileL1f"</SpriteName>
			<Position>
				<x>512</x>
				<y>480</y>
			</Position>
			<Size>
				<x>64</x>
				<y>64</y>
			</Size>
		</Unit>
		<Unit>
			<Type>"Platform"</Type>
			<SpriteName>"TileL1b"</SpriteName>
			<Position>
				<x>512</x>
				<y>416</y>
			</Position>
			<Size>
				<x>64</x>
				<y>64</y>
			</Size>
		</Unit>
    
		<Unit>
			<Type>"Platform"</Type>
			<SpriteName>"TileL1b"</SpriteName>
			<Position>
				<x>768</x>
				<y>416</y>
			</Position>
			<Size>
				<x>64</x>
				<y>64</y>
			</Size>
		</Unit>
		<Unit>
			<Type>"Platform"</Type>
			<SpriteName>"TileL1c"</SpriteName>
			<Position>
				<x>768</x>
				<y>480</y>
			</Position>
			<Size>
				<x>64</x>
				<y>64</y>
			</Size>
		</Unit>
		<Unit>
			<Type>"Platform"</Type>
			<SpriteName>"TileL1e"</SpriteName>
			<Position>
				<x>832</x>
				<y>480</y>
			</Position>
			<Size>
				<x>64</x>
				<y>64</y>
			</Size>
		</Unit>
		<Unit>
			<Type>"Platform"</Type>
			<SpriteName>"TileL1d"</SpriteName>
			<Position>
				<x>896</x>
				<y>480</y>
			</Position>
			<Size>
				<x>64</x>
				<y>64</y>
			</Size>
		</Unit>
		<Unit>
			<Type>"Platform"</Type>
			<SpriteName>"TileL1e"</SpriteName>
			<Position>
				<x>960</x>
				<y>480</y>
			</Position>
			<Size>
				<x>64</x>
				<y>64</y>
			</Size>
		</Unit>
    
		<Unit>
			<Type>"Platform"</Type>
			<SpriteName>"TileL1g"</SpriteName>
			<Position>
				<x>1024</x>
				<y>480</y>
			</Position>
			<Size>
				<x>64</x>
				<y>64</y>
			</Size>
		</Unit>
		<Unit>
			<Type>"Platform"</Type>
			<SpriteName>"TileL1h"</SpriteName>
			<Position>
				<x>1088</x>
				<y>512</y>
			</Position>
			<Size>
				<x>64</x>
				<y>64</y>
			</Size>
		</Unit>
		<Unit>
			<Type>"Platform"</Type>
			<SpriteName>"TileL1i"</SpriteName>
			<Position>
				<x>1152</x>
				<y>544</y>
			</Position>
			<Size>
				<x>64</x>
				<y>64</y>
			</Size>
		</Unit>

    <Unit>
      <Type>"Rail"</Type>
      <SpriteName>"RailL1a"</SpriteName>
      <Position>
        <x>960</x>
        <y>440</y>
      </Position>
      <Size>
        <x>64</x>
        <y>32</y>
      </Size>
      <Solid>false</Solid>
    </Unit>
    <Unit>
      <Type>"Rail"</Type>
      <SpriteName>"RailL1b"</SpriteName>
      <Position>
        <x>1024</x>
        <y>440</y>
      </Position>
      <Size>
        <x>64</x>
        <y>32</y>
      </Size>
      <Solid>false</Solid>
    </Unit>

    <!--<Unit>
      <Type>"Door"</Type>
      <SpriteName>"Exit"</SpriteName>
      <Position>
        <x>640</x>
        <y>98</y>
      </Position>
      <Size>
        <x>64</x>
        <y>96</y>
      </Size>
      <Solid>false</Solid>
    </Unit>-->
    
		<Unit>
			<Type>"Platform"</Type>
			<SpriteName>"BolconyCornerL"</SpriteName>
			<Position>
				<x>512</x>
				<y>224</y>
			</Position>
		</Unit>
		<Unit>
			<Type>"Platform"</Type>
			<SpriteName>"BolconyMiddle"</SpriteName>
			<Position>
				<x>576</x>
				<y>224</y>
			</Position>
		</Unit>
		<Unit>
			<Type>"Platform"</Type>
			<SpriteName>"BolconyMiddle"</SpriteName>
			<Position>
				<x>640</x>
				<y>224</y>
			</Position>
		</Unit>
		<Unit>
			<Type>"Platform"</Type>
			<SpriteName>"BolconyMiddle"</SpriteName>
			<Position>
				<x>704</x>
				<y>224</y>
			</Position>
		</Unit>
		<Unit>
			<Type>"Platform"</Type>
			<SpriteName>"BolconyCornerR"</SpriteName>
			<Position>
				<x>768</x>
				<y>224</y>
			</Position>
		</Unit>
		<Unit>
			<Type>"Rail"</Type>
			<SpriteName>"RailEndL"</SpriteName>
			<Position>
				<x>512</x>
				<y>192</y>
			</Position>
      <Solid>"false"</Solid>
		</Unit>		
		<Unit>
			<Type>"Rail"</Type>
			<SpriteName>"RailMiddle"</SpriteName>
			<Position>
				<x>576</x>
				<y>192</y>
			</Position>
			<Size>
				<x>64</x>
				<y>32</y>
			</Size>
      <Solid>false</Solid>
		</Unit>
		<Unit>
			<Type>"Rail"</Type>
			<SpriteName>"RailMiddle"</SpriteName>
			<Position>
				<x>640</x>
				<y>192</y>
			</Position>
			<Size>
				<x>64</x>
				<y>32</y>
			</Size>
      <Solid>false</Solid>
		</Unit>
		<Unit>
			<Type>"Rail"</Type>
			<SpriteName>"RailMiddle"</SpriteName>
			<Position>
				<x>704</x>
				<y>192</y>
			</Position>
			<Size>
				<x>64</x>
				<y>32</y>
			</Size>
      <Solid>false</Solid>
    </Unit>
		<Unit>
			<Type>"Rail"</Type>
			<SpriteName>"RailEndR"</SpriteName>
			<Position>
				<x>768</x>
				<y>192</y>
			</Position>
			<Size>
				<x>64</x>
				<y>32</y>
			</Size>
      <Solid>false</Solid>
    </Unit>

    <Unit>
      <Type>"Door"</Type>
      <SpriteName>"Exit"</SpriteName>
      <Position>
        <x>1152</x>
        <y>416</y>
      </Position>
      <Size>
        <x>32</x>
        <y>96</y>
      </Size>
      <Offset>
        <x>32</x>
        <y>0</y>
      </Offset>
      <Behind>true</Behind>
      <Solid>false</Solid>
      <Behind>true</Behind>
    </Unit>
    
    <Unit>
      <Type>"Rail"</Type>
      <SpriteName>"RailL1c"</SpriteName>
      <Position>
        <x>1088</x>
        <y>439</y>
      </Position>
      <Size>
        <x>64</x>
        <y>32</y>
      </Size>
      <Solid>false</Solid>
    </Unit>
    <Unit>
      <Type>"Rail"</Type>
      <SpriteName>"RailL1d"</SpriteName>
      <Position>
        <x>1152</x>
        <y>501</y>
      </Position>
      <Size>
        <x>64</x>
        <y>32</y>
      </Size>
      <Solid>false</Solid>
    </Unit>
    
		<Unit>
			<Type>"Lava"</Type>
			<SpriteName>"LavaMiddle"</SpriteName>
			<Frames>8</Frames>
			<Speed>180</Speed>
			<Position>
				<x>64</x>
				<y>704</y>
			</Position>
			<Size>
				<x>64</x>
				<y>64</y>
			</Size>
		</Unit>
		<Unit>
			<Type>"Lava"</Type>
			<SpriteName>"LavaMiddle"</SpriteName>
			<Frames>8</Frames>
			<Speed>180</Speed>
			<Position>
				<x>128</x>
				<y>704</y>
			</Position>
			<Size>
				<x>64</x>
				<y>64</y>
			</Size>
		</Unit>
		<Unit>
			<Type>"Lava"</Type>
			<SpriteName>"LavaMiddle"</SpriteName>
			<Frames>8</Frames>
			<Speed>180</Speed>
			<Position>
				<x>192</x>
				<y>704</y>
			</Position>
			<Size>
				<x>64</x>
				<y>64</y>
			</Size>
		</Unit>
		<Unit>
			<Type>"Lava"</Type>
			<SpriteName>"LavaMiddle"</SpriteName>
			<Frames>8</Frames>
			<Speed>180</Speed>
			<Position>
				<x>256</x>
				<y>704</y>
			</Position>
			<Size>
				<x>64</x>
				<y>64</y>
			</Size>
		</Unit>
		<Unit>
			<Type>"Lava"</Type>
			<SpriteName>"LavaMiddle"</SpriteName>
			<Frames>8</Frames>
			<Speed>180</Speed>
			<Position>
				<x>320</x>
				<y>704</y>
			</Position>
			<Size>
				<x>64</x>
				<y>64</y>
			</Size>
		</Unit>
		<Unit>
			<Type>"Lava"</Type>
			<SpriteName>"LavaMiddle"</SpriteName>
			<Frames>8</Frames>
			<Speed>180</Speed>
			<Position>
				<x>384</x>
				<y>704</y>
			</Position>
			<Size>
				<x>64</x>
				<y>64</y>
			</Size>
		</Unit>
		<Unit>
			<Type>"Lava"</Type>
			<SpriteName>"LavaMiddle"</SpriteName>
			<Frames>8</Frames>
			<Speed>180</Speed>
			<Position>
				<x>448</x>
				<y>704</y>
			</Position>
			<Size>
				<x>64</x>
				<y>64</y>
			</Size>
		</Unit>
		<Unit>
			<Type>"Lava"</Type>
			<SpriteName>"LavaMiddle"</SpriteName>
			<Frames>8</Frames>
			<Speed>180</Speed>
			<Position>
				<x>512</x>
				<y>704</y>
			</Position>
			<Size>
				<x>64</x>
				<y>64</y>
			</Size>
		</Unit>
		<Unit>
			<Type>"Lava"</Type>
			<SpriteName>"LavaMiddle"</SpriteName>
			<Frames>8</Frames>
			<Speed>180</Speed>
			<Position>
				<x>576</x>
				<y>704</y>
			</Position>
			<Size>
				<x>64</x>
				<y>64</y>
			</Size>
		</Unit>
		<Unit>
			<Type>"Lava"</Type>
			<SpriteName>"LavaMiddle"</SpriteName>
			<Frames>8</Frames>
			<Speed>180</Speed>
			<Position>
				<x>640</x>
				<y>704</y>
			</Position>
			<Size>
				<x>64</x>
				<y>64</y>
			</Size>
		</Unit>
		<Unit>
			<Type>"Lava"</Type>
			<SpriteName>"LavaMiddle"</SpriteName>
			<Frames>8</Frames>
			<Speed>180</Speed>
			<Position>
				<x>704</x>
				<y>704</y>
			</Position>
			<Size>
				<x>64</x>
				<y>64</y>
			</Size>
		</Unit>
		<Unit>
			<Type>"Lava"</Type>
			<SpriteName>"LavaMiddle"</SpriteName>
			<Frames>8</Frames>
			<Speed>180</Speed>
			<Position>
				<x>768</x>
				<y>704</y>
			</Position>
			<Size>
				<x>64</x>
				<y>64</y>
			</Size>
		</Unit>
		<Unit>
			<Type>"Lava"</Type>
			<SpriteName>"LavaMiddle"</SpriteName>
			<Frames>8</Frames>
			<Speed>180</Speed>
			<Position>
				<x>832</x>
				<y>704</y>
			</Position>
			<Size>
				<x>64</x>
				<y>64</y>
			</Size>
		</Unit>
		<Unit>
			<Type>"Lava"</Type>
			<SpriteName>"LavaMiddle"</SpriteName>
			<Frames>8</Frames>
			<Speed>180</Speed>
			<Position>
				<x>896</x>
				<y>704</y>
			</Position>
			<Size>
				<x>64</x>
				<y>64</y>
			</Size>
		</Unit>
		<Unit>
			<Type>"Lava"</Type>
			<SpriteName>"LavaMiddle"</SpriteName>
			<Frames>8</Frames>
			<Speed>180</Speed>
			<Position>
				<x>960</x>
				<y>704</y>
			</Position>
			<Size>
				<x>64</x>
				<y>64</y>
			</Size>
		</Unit>
		<Unit>
			<Type>"Lava"</Type>
			<SpriteName>"LavaMiddle"</SpriteName>
			<Frames>8</Frames>
			<Speed>180</Speed>
			<Position>
				<x>1024</x>
				<y>704</y>
			</Position>
			<Size>
				<x>64</x>
				<y>64</y>
			</Size>
		</Unit>
		<Unit>
			<Type>"Lava"</Type>
			<SpriteName>"LavaMiddle"</SpriteName>
			<Frames>8</Frames>
			<Speed>180</Speed>
			<Position>
				<x>1088</x>
				<y>704</y>
			</Position>
			<Size>
				<x>64</x>
				<y>64</y>
			</Size>
		</Unit>
		<Unit>
			<Type>"Lava"</Type>
			<SpriteName>"LavaMiddle"</SpriteName>
			<Frames>8</Frames>
			<Speed>180</Speed>
			<Position>
				<x>1152</x>
				<y>704</y>
			</Position>
			<Size>
				<x>64</x>
				<y>64</y>
			</Size>
		</Unit>
		<Unit>
			<Type>"Ram"</Type>
			<SpriteName>"RamTop1"</SpriteName>
			<Position>
				<x>0</x>
				<y>0</y>
			</Position>
		</Unit>
    <Unit>
      <Type>"Ram"</Type>
      <SpriteName>"RamTop2"</SpriteName>
      <Position>
        <x>640</x>
        <y>0</y>
      </Position>
    </Unit>
		<Unit>
			<Type>"Ram"</Type>
			<SpriteName>"RamLeft1"</SpriteName>
			<Position>
				<x>0</x>
				<y>64</y>
			</Position>
		</Unit>
		<Unit>
			<Type>"Ram"</Type>
			<SpriteName>"RamRight1"</SpriteName>
			<Position>
				<x>1216</x>
				<y>64</y>
			</Position>
		</Unit>
		<Unit>
			<Type>"Ram"</Type>
			<SpriteName>"RamPipeLeft1"</SpriteName>
			<Position>
				<x>0</x>
				<y>696</y>
			</Position>
		</Unit>
		<Unit>
			<Type>"Ram"</Type>
			<SpriteName>"RamPipeRight1"</SpriteName>
			<Position>
				<x>1202</x>
				<y>696</y>
			</Position>
		</Unit>

    <Unit>
      <Type>BGAnim</Type>
      <Position>
        <x>436</x>
        <y>131</y>
      </Position>
      <SpriteName>SparkleAnim</SpriteName>
      <Frames>4</Frames>
      <Speed>100</Speed>
      <Solid>false</Solid>
    </Unit>
    <Unit>
      <Type>BGAnim</Type>
      <Position>
        <x>678</x>
        <y>582</y>
      </Position>
      <SpriteName>RotatingFan</SpriteName>
      <Frames>6</Frames>
      <Speed>100</Speed>
      <Solid>false</Solid>
    </Unit>

    <Unit>
      <Type>TriggedAnimation</Type>
      <SpriteName>MouseSuicide</SpriteName>
      <Frames>22</Frames>
      <Speed>100</Speed>
      <Position>
        <x>455</x>
        <y>625</y>
      </Position>
      <Id>MouseSuicide</Id>
    </Unit>
    <Unit>
      <Type>Trigger</Type>
      <Position>
        <x>320</x>
        <y>352</y>
      </Position>
      <Size>
        <x>64</x>
        <y>64</y>
      </Size>
      <SpriteName>""</SpriteName>
      <Target>MouseSuicide</Target>
      <Id>Trigger1</Id>
      <Sound>""</Sound>
    </Unit>
  </Objects>
</Level>