<?xml version="1.0"?>
<Level>
	<Name>&quot;Test Bana&quot;</Name>
	<Backgrounds>
		<Background>
			<SpriteName>&quot;Bana3_bg1&quot;</SpriteName>
			<Frames>1</Frames>
			<Speed>120</Speed>
			<Position>
				<x>0</x>
				<y>0</y>
			</Position>
		</Background>
	</Backgrounds>
	<Objects>
		<Unit>
			<Type>&quot;Player&quot;</Type>
			<Position>
				<x>64</x>
				<y>128</y>
			</Position>
		</Unit>
		<Unit>
			<Position>
				<x>1040</x>
				<y>224</y>
			</Position>
			<Type>&quot;Laser&quot;</Type>
			<Id>&quot;LaserRedMeanix&quot;</Id>
			<Active>&quot;true&quot;</Active>
			<Rotation>180</Rotation>
			<Color>&quot;Red&quot;</Color>
			<VisibilityRange>100</VisibilityRange>
			<Length>160</Length>
		</Unit>
		<Unit>
			<Type>&quot;Meanix&quot;</Type>
      <SpriteName>"MeanixAni"</SpriteName>
      <SpriteName2>"MeanixAniL"</SpriteName2>
			<Position>
				<x>1120</x>
				<y>128</y>
			</Position>
		</Unit>
		<Unit>
			<Type>&quot;Platform&quot;</Type>
			<SpriteName>&quot;TileL3a&quot;</SpriteName>
			<Position>
				<x>224</x>
				<y>256</y>
			</Position>
			<Size>
				<x>64</x>
				<y>64</y>
			</Size>
		</Unit>
		<Unit>
			<Type>&quot;Platform&quot;</Type>
			<SpriteName>&quot;TileL3c&quot;</SpriteName>
			<Position>
				<x>480</x>
				<y>256</y>
			</Position>
			<Size>
				<x>64</x>
				<y>64</y>
			</Size>
		</Unit>
		<Unit>
			<Type>&quot;Platform&quot;</Type>
			<SpriteName>&quot;TileL3d&quot;</SpriteName>
			<Position>
				<x>480</x>
				<y>320</y>
			</Position>
			<Size>
				<x>64</x>
				<y>64</y>
			</Size>
		</Unit>
		<Unit>
			<Type>&quot;Platform&quot;</Type>
			<SpriteName>&quot;TileL3e&quot;</SpriteName>
			<Position>
				<x>480</x>
				<y>384</y>
			</Position>
			<Size>
				<x>64</x>
				<y>64</y>
			</Size>
		</Unit>
		<Unit>
			<Type>&quot;Platform&quot;</Type>
			<SpriteName>&quot;TileL3Sa&quot;</SpriteName>
			<Position>
				<x>544</x>
				<y>256</y>
			</Position>
			<Size>
				<x>32</x>
				<y>32</y>
			</Size>
		</Unit>
		<Unit>
			<Type>&quot;Platform&quot;</Type>
			<SpriteName>&quot;TileL3Sb&quot;</SpriteName>
			<Position>
				<x>608</x>
				<y>192</y>
			</Position>
			<Size>
				<x>32</x>
				<y>32</y>
			</Size>
		</Unit>
		<Unit>
			<Type>&quot;Platform&quot;</Type>
			<SpriteName>&quot;TileL3Wideb&quot;</SpriteName>
			<Position>
				<x>544</x>
				<y>544</y>
			</Position>
		</Unit>
		<Unit>
			<Type>&quot;Platform&quot;</Type>
			<SpriteName>&quot;TileL3Highb&quot;</SpriteName>
			<Position>
				<x>608</x>
				<y>224</y>
			</Position>
		</Unit>
		<Unit>
			<Type>&quot;Platform&quot;</Type>
			<SpriteName>&quot;TileL3Highc&quot;</SpriteName>
			<Position>
				<x>608</x>
				<y>288</y>
			</Position>
		</Unit>
		<Unit>
			<Type>&quot;Platform&quot;</Type>
			<SpriteName>&quot;TileL3Higha&quot;</SpriteName>
			<Position>
				<x>640</x>
				<y>480</y>
			</Position>
		</Unit>
		<Unit>
			<Type>&quot;AntiMagnet&quot;</Type>
			<SpriteName>&quot;AntiMagnet&quot;</SpriteName>
			<Position>
				<x>64</x>
				<y>64</y>
			</Position>
			<Solid>&quot;true&quot;</Solid>
		</Unit>
		<Unit>
			<Type>&quot;AntiMagnet&quot;</Type>
			<SpriteName>&quot;AntiMagnet&quot;</SpriteName>
			<Position>
				<x>128</x>
				<y>64</y>
			</Position>
			<Solid>&quot;true&quot;</Solid>
		</Unit>
		<Unit>
			<Type>&quot;AntiMagnet&quot;</Type>
			<SpriteName>&quot;AntiMagnet&quot;</SpriteName>
			<Position>
				<x>192</x>
				<y>64</y>
			</Position>
			<Solid>&quot;true&quot;</Solid>
		</Unit>
		<Unit>
			<Type>&quot;AntiMagnet&quot;</Type>
			<SpriteName>&quot;AntiMagnet&quot;</SpriteName>
			<Position>
				<x>256</x>
				<y>64</y>
			</Position>
			<Solid>&quot;true&quot;</Solid>
		</Unit>
		<Unit>
			<Type>&quot;AntiMagnet&quot;</Type>
			<SpriteName>&quot;AntiMagnet&quot;</SpriteName>
			<Position>
				<x>320</x>
				<y>64</y>
			</Position>
			<Solid>&quot;true&quot;</Solid>
		</Unit>
		<Unit>
			<Type>&quot;AntiMagnet&quot;</Type>
			<SpriteName>&quot;AntiMagnet&quot;</SpriteName>
			<Position>
				<x>384</x>
				<y>64</y>
			</Position>
			<Solid>&quot;true&quot;</Solid>
		</Unit>
		<Unit>
			<Type>&quot;AntiMagnet&quot;</Type>
			<SpriteName>&quot;AntiMagnet&quot;</SpriteName>
			<Position>
				<x>448</x>
				<y>64</y>
			</Position>
			<Solid>&quot;true&quot;</Solid>
		</Unit>
		<Unit>
			<Type>&quot;AntiMagnet&quot;</Type>
			<SpriteName>&quot;AntiMagnet&quot;</SpriteName>
			<Position>
				<x>512</x>
				<y>64</y>
			</Position>
			<Solid>&quot;true&quot;</Solid>
		</Unit>
		<Unit>
			<Type>&quot;AntiMagnet&quot;</Type>
			<SpriteName>&quot;AntiMagnet&quot;</SpriteName>
			<Position>
				<x>576</x>
				<y>64</y>
			</Position>
			<Solid>&quot;true&quot;</Solid>
		</Unit>
		<Unit>
			<Type>&quot;AntiMagnet&quot;</Type>
			<SpriteName>&quot;AntiMagnet&quot;</SpriteName>
			<Position>
				<x>640</x>
				<y>64</y>
			</Position>
			<Solid>&quot;true&quot;</Solid>
		</Unit>
		<Unit>
			<Type>&quot;AntiMagnet&quot;</Type>
			<SpriteName>&quot;AntiMagnet&quot;</SpriteName>
			<Position>
				<x>704</x>
				<y>64</y>
			</Position>
			<Solid>&quot;true&quot;</Solid>
		</Unit>
		<Unit>
			<Type>&quot;AntiMagnet&quot;</Type>
			<SpriteName>&quot;AntiMagnet&quot;</SpriteName>
			<Position>
				<x>768</x>
				<y>64</y>
			</Position>
			<Solid>&quot;true&quot;</Solid>
		</Unit>
		<Unit>
			<Type>&quot;AntiMagnet&quot;</Type>
			<SpriteName>&quot;AntiMagnet&quot;</SpriteName>
			<Position>
				<x>832</x>
				<y>64</y>
			</Position>
			<Solid>&quot;true&quot;</Solid>
		</Unit>
		<Unit>
			<Type>&quot;AntiMagnet&quot;</Type>
			<SpriteName>&quot;AntiMagnet&quot;</SpriteName>
			<Position>
				<x>896</x>
				<y>64</y>
			</Position>
			<Solid>&quot;true&quot;</Solid>
		</Unit>
		<Unit>
			<Type>&quot;AntiMagnet&quot;</Type>
			<SpriteName>&quot;AntiMagnet&quot;</SpriteName>
			<Position>
				<x>960</x>
				<y>64</y>
			</Position>
			<Solid>&quot;true&quot;</Solid>
		</Unit>
		<Unit>
			<Type>&quot;AntiMagnet&quot;</Type>
			<SpriteName>&quot;AntiMagnet&quot;</SpriteName>
			<Position>
				<x>1024</x>
				<y>64</y>
			</Position>
			<Solid>&quot;true&quot;</Solid>
		</Unit>
		<Unit>
			<Type>&quot;AntiMagnet&quot;</Type>
			<SpriteName>&quot;AntiMagnet&quot;</SpriteName>
			<Position>
				<x>1088</x>
				<y>64</y>
			</Position>
			<Solid>&quot;true&quot;</Solid>
		</Unit>
		<Unit>
			<Type>&quot;AntiMagnet&quot;</Type>
			<SpriteName>&quot;AntiMagnet&quot;</SpriteName>
			<Position>
				<x>1152</x>
				<y>64</y>
			</Position>
			<Solid>&quot;true&quot;</Solid>
		</Unit>
		<Unit>
			<Type>&quot;Balcony&quot;</Type>
			<SpriteName>&quot;BolconyCornerL&quot;</SpriteName>
			<Position>
				<x>1024</x>
				<y>256</y>
			</Position>
			<Solid>&quot;true&quot;</Solid>
		</Unit>
		<Unit>
			<Type>&quot;Balcony&quot;</Type>
			<SpriteName>&quot;BolconyMiddle&quot;</SpriteName>
			<Position>
				<x>1088</x>
				<y>256</y>
			</Position>
			<Solid>&quot;true&quot;</Solid>
		</Unit>
		<Unit>
			<Type>&quot;Balcony&quot;</Type>
			<SpriteName>&quot;BolconyMiddle&quot;</SpriteName>
			<Position>
				<x>1152</x>
				<y>256</y>
			</Position>
			<Solid>&quot;true&quot;</Solid>
		</Unit>
		<Unit>
			<Type>&quot;Rail&quot;</Type>
			<SpriteName>&quot;RailEndL&quot;</SpriteName>
			<Position>
				<x>1024</x>
				<y>224</y>
			</Position>
			<Size>
				<x>1024</x>
				<y>224</y>
			</Size>
			<Solid>&quot;false&quot;</Solid>
		</Unit>
		<Unit>
			<Type>&quot;Rail&quot;</Type>
			<SpriteName>&quot;RailMiddle&quot;</SpriteName>
			<Position>
				<x>1088</x>
				<y>224</y>
			</Position>
			<Size>
				<x>1088</x>
				<y>224</y>
			</Size>
			<Solid>&quot;false&quot;</Solid>
		</Unit>
		<Unit>
			<Type>&quot;Rail&quot;</Type>
			<SpriteName>&quot;RailMiddle&quot;</SpriteName>
			<Position>
				<x>1152</x>
				<y>224</y>
			</Position>
			<Size>
				<x>1152</x>
				<y>224</y>
			</Size>
			<Solid>&quot;false&quot;</Solid>
		</Unit>
		<Unit>
			<Type>&quot;Platform&quot;</Type>
			<SpriteName>&quot;PlatformBreakAni&quot;</SpriteName>
			<Position>
				<x>64</x>
				<y>256</y>
			</Position>
			<Lives>3</Lives>
		</Unit>
		<Unit>
			<Type>&quot;Platform&quot;</Type>
			<SpriteName>&quot;PlatformBreakAni&quot;</SpriteName>
			<Position>
				<x>416</x>
				<y>608</y>
			</Position>
			<Lives>3</Lives>
		</Unit>
		<Unit>
			<Type>&quot;Platform&quot;</Type>
			<SpriteName>&quot;PlatformBreakAni&quot;</SpriteName>
			<Position>
				<x>416</x>
				<y>416</y>
			</Position>
			<Lives>1</Lives>
		</Unit>
		<Unit>
			<Type>&quot;Door&quot;</Type>
			<SpriteName>&quot;Exit&quot;</SpriteName>
			<Position>
				<x>1120</x>
				<y>512</y>
			</Position>
			<Size>
				<x>1120</x>
				<y>512</y>
			</Size>
			<Offset>
				<x>32</x>
				<y>0</y>
			</Offset>
			<Behind>true</Behind>
			<Solid>&quot;false&quot;</Solid>
		</Unit>
		<Unit>
			<Type>&quot;Lava&quot;</Type>
			<SpriteName>&quot;LavaMiddle&quot;</SpriteName>
			<Speed>180</Speed>
			<Frames>8</Frames>
			<Position>
				<x>64</x>
				<y>704</y>
			</Position>
			<Size>
				<x>64</x>
				<y>704</y>
			</Size>
			<Solid>&quot;true&quot;</Solid>
		</Unit>
		<Unit>
			<Type>&quot;Lava&quot;</Type>
			<SpriteName>&quot;LavaMiddle&quot;</SpriteName>
			<Speed>180</Speed>
			<Frames>8</Frames>
			<Position>
				<x>128</x>
				<y>704</y>
			</Position>
			<Size>
				<x>128</x>
				<y>704</y>
			</Size>
			<Solid>&quot;true&quot;</Solid>
		</Unit>
		<Unit>
			<Type>&quot;Lava&quot;</Type>
			<SpriteName>&quot;LavaMiddle&quot;</SpriteName>
			<Speed>180</Speed>
			<Frames>8</Frames>
			<Position>
				<x>192</x>
				<y>704</y>
			</Position>
			<Size>
				<x>192</x>
				<y>704</y>
			</Size>
			<Solid>&quot;true&quot;</Solid>
		</Unit>
		<Unit>
			<Type>&quot;Lava&quot;</Type>
			<SpriteName>&quot;LavaMiddle&quot;</SpriteName>
			<Speed>180</Speed>
			<Frames>8</Frames>
			<Position>
				<x>256</x>
				<y>704</y>
			</Position>
			<Size>
				<x>256</x>
				<y>704</y>
			</Size>
			<Solid>&quot;true&quot;</Solid>
		</Unit>
		<Unit>
			<Type>&quot;Lava&quot;</Type>
			<SpriteName>&quot;LavaMiddle&quot;</SpriteName>
			<Speed>180</Speed>
			<Frames>8</Frames>
			<Position>
				<x>320</x>
				<y>704</y>
			</Position>
			<Size>
				<x>320</x>
				<y>704</y>
			</Size>
			<Solid>&quot;true&quot;</Solid>
		</Unit>
		<Unit>
			<Type>&quot;Lava&quot;</Type>
			<SpriteName>&quot;LavaMiddle&quot;</SpriteName>
			<Speed>180</Speed>
			<Frames>8</Frames>
			<Position>
				<x>384</x>
				<y>704</y>
			</Position>
			<Size>
				<x>384</x>
				<y>704</y>
			</Size>
			<Solid>&quot;true&quot;</Solid>
		</Unit>
		<Unit>
			<Type>&quot;Lava&quot;</Type>
			<SpriteName>&quot;LavaMiddle&quot;</SpriteName>
			<Speed>180</Speed>
			<Frames>8</Frames>
			<Position>
				<x>448</x>
				<y>704</y>
			</Position>
			<Size>
				<x>448</x>
				<y>704</y>
			</Size>
			<Solid>&quot;true&quot;</Solid>
		</Unit>
		<Unit>
			<Type>&quot;Lava&quot;</Type>
			<SpriteName>&quot;LavaMiddle&quot;</SpriteName>
			<Speed>180</Speed>
			<Frames>8</Frames>
			<Position>
				<x>512</x>
				<y>704</y>
			</Position>
			<Size>
				<x>512</x>
				<y>704</y>
			</Size>
			<Solid>&quot;true&quot;</Solid>
		</Unit>
		<Unit>
			<Type>&quot;Lava&quot;</Type>
			<SpriteName>&quot;LavaMiddle&quot;</SpriteName>
			<Speed>180</Speed>
			<Frames>8</Frames>
			<Position>
				<x>576</x>
				<y>704</y>
			</Position>
			<Size>
				<x>576</x>
				<y>704</y>
			</Size>
			<Solid>&quot;true&quot;</Solid>
		</Unit>
		<Unit>
			<Type>&quot;Lava&quot;</Type>
			<SpriteName>&quot;LavaMiddle&quot;</SpriteName>
			<Speed>180</Speed>
			<Frames>8</Frames>
			<Position>
				<x>640</x>
				<y>704</y>
			</Position>
			<Size>
				<x>640</x>
				<y>704</y>
			</Size>
			<Solid>&quot;true&quot;</Solid>
		</Unit>
		<Unit>
			<Type>&quot;Lava&quot;</Type>
			<SpriteName>&quot;LavaMiddle&quot;</SpriteName>
			<Speed>180</Speed>
			<Frames>8</Frames>
			<Position>
				<x>704</x>
				<y>704</y>
			</Position>
			<Size>
				<x>704</x>
				<y>704</y>
			</Size>
			<Solid>&quot;true&quot;</Solid>
		</Unit>
		<Unit>
			<Type>&quot;Lava&quot;</Type>
			<SpriteName>&quot;LavaMiddle&quot;</SpriteName>
			<Speed>180</Speed>
			<Frames>8</Frames>
			<Position>
				<x>768</x>
				<y>704</y>
			</Position>
			<Size>
				<x>768</x>
				<y>704</y>
			</Size>
			<Solid>&quot;true&quot;</Solid>
		</Unit>
		<Unit>
			<Type>&quot;Lava&quot;</Type>
			<SpriteName>&quot;LavaMiddle&quot;</SpriteName>
			<Speed>180</Speed>
			<Frames>8</Frames>
			<Position>
				<x>832</x>
				<y>704</y>
			</Position>
			<Size>
				<x>832</x>
				<y>704</y>
			</Size>
			<Solid>&quot;true&quot;</Solid>
		</Unit>
		<Unit>
			<Type>&quot;Lava&quot;</Type>
			<SpriteName>&quot;LavaMiddle&quot;</SpriteName>
			<Speed>180</Speed>
			<Frames>8</Frames>
			<Position>
				<x>896</x>
				<y>704</y>
			</Position>
			<Size>
				<x>896</x>
				<y>704</y>
			</Size>
			<Solid>&quot;true&quot;</Solid>
		</Unit>
		<Unit>
			<Type>&quot;Lava&quot;</Type>
			<SpriteName>&quot;LavaMiddle&quot;</SpriteName>
			<Speed>180</Speed>
			<Frames>8</Frames>
			<Position>
				<x>960</x>
				<y>704</y>
			</Position>
			<Size>
				<x>960</x>
				<y>704</y>
			</Size>
			<Solid>&quot;true&quot;</Solid>
		</Unit>
		<Unit>
			<Type>&quot;Lava&quot;</Type>
			<SpriteName>&quot;LavaMiddle&quot;</SpriteName>
			<Speed>180</Speed>
			<Frames>8</Frames>
			<Position>
				<x>1024</x>
				<y>704</y>
			</Position>
			<Size>
				<x>1024</x>
				<y>704</y>
			</Size>
			<Solid>&quot;true&quot;</Solid>
		</Unit>
		<Unit>
			<Type>&quot;Lava&quot;</Type>
			<SpriteName>&quot;LavaMiddle&quot;</SpriteName>
			<Speed>180</Speed>
			<Frames>8</Frames>
			<Position>
				<x>1088</x>
				<y>704</y>
			</Position>
			<Size>
				<x>1088</x>
				<y>704</y>
			</Size>
			<Solid>&quot;true&quot;</Solid>
		</Unit>
		<Unit>
			<Type>&quot;Lava&quot;</Type>
			<SpriteName>&quot;LavaMiddle&quot;</SpriteName>
			<Speed>180</Speed>
			<Frames>8</Frames>
			<Position>
				<x>1152</x>
				<y>704</y>
			</Position>
			<Size>
				<x>1152</x>
				<y>704</y>
			</Size>
			<Solid>&quot;true&quot;</Solid>
		</Unit>
		<Unit>
			<Type>&quot;Ram&quot;</Type>
			<SpriteName>&quot;RamTop1&quot;</SpriteName>
			<Position>
				<x>0</x>
				<y>0</y>
			</Position>
			<Size>
				<x>0</x>
				<y>0</y>
			</Size>
			<Solid>&quot;true&quot;</Solid>
		</Unit>
		<Unit>
			<Type>&quot;Ram&quot;</Type>
			<SpriteName>&quot;RamTop2&quot;</SpriteName>
			<Position>
				<x>640</x>
				<y>0</y>
			</Position>
			<Size>
				<x>0</x>
				<y>0</y>
			</Size>
			<Solid>&quot;true&quot;</Solid>
		</Unit>
		<Unit>
			<Type>&quot;Ram&quot;</Type>
			<SpriteName>&quot;RamLeft1&quot;</SpriteName>
			<Position>
				<x>0</x>
				<y>64</y>
			</Position>
			<Size>
				<x>0</x>
				<y>0</y>
			</Size>
			<Solid>&quot;true&quot;</Solid>
		</Unit>
		<Unit>
			<Type>&quot;Ram&quot;</Type>
			<SpriteName>&quot;RamRight1&quot;</SpriteName>
			<Position>
				<x>1216</x>
				<y>64</y>
			</Position>
			<Size>
				<x>0</x>
				<y>0</y>
			</Size>
			<Solid>&quot;true&quot;</Solid>
		</Unit>
		<Unit>
			<Type>&quot;Ram&quot;</Type>
			<SpriteName>&quot;RamPipeLeft1&quot;</SpriteName>
			<Position>
				<x>0</x>
				<y>696</y>
			</Position>
			<Size>
				<x>0</x>
				<y>0</y>
			</Size>
			<Solid>&quot;true&quot;</Solid>
		</Unit>
		<Unit>
			<Type>&quot;Ram&quot;</Type>
			<SpriteName>&quot;RamPipeRight1&quot;</SpriteName>
			<Position>
				<x>1202</x>
				<y>696</y>
			</Position>
			<Size>
				<x>0</x>
				<y>0</y>
			</Size>
			<Solid>&quot;true&quot;</Solid>
		</Unit>
		<Unit>
			<Type>&quot;Platform&quot;</Type>
			<SpriteName>&quot;TileL2Wided&quot;</SpriteName>
			<Position>
				<x>928</x>
				<y>640</y>
			</Position>
		</Unit>
		<Unit>
			<Type>&quot;Platform&quot;</Type>
			<SpriteName>&quot;TileL2Widee&quot;</SpriteName>
			<Position>
				<x>992</x>
				<y>640</y>
			</Position>
		</Unit>
		<Unit>
			<Type>&quot;Platform&quot;</Type>
			<SpriteName>&quot;TileL6Widee&quot;</SpriteName>
			<Position>
				<x>1056</x>
				<y>640</y>
			</Position>
		</Unit>
		<Unit>
			<Type>&quot;Platform&quot;</Type>
			<SpriteName>&quot;TileL2Widef&quot;</SpriteName>
			<Position>
				<x>1120</x>
				<y>640</y>
			</Position>
		</Unit>
	</Objects>
</Level>

