<?xml version="1.0" encoding="utf-8"?>
<Level>
  <Name>"Bana6"</Name>
  <Backgrounds>
    <Background>
      <Frames>1</Frames>
      <Speed>120</Speed>
      <SpriteName>"BackgroundBana6"</SpriteName>
      <Position>
        <x>0</x>
        <y>0</y>
      </Position>
    </Background>
  </Backgrounds>

  <Objects>
    <Unit>
      <Type>"Player"</Type>
      <Position>
        <x>928</x>
        <y>480</y>
      </Position>
      <Size>
        <x>64</x>
        <y>64</y>
      </Size>
    </Unit>

    <Unit>
      <Type>"MiniBot"</Type>
      <Position>
        <x>1024</x>
        <y>288</y>
      </Position>
      <Rotation>90</Rotation>
      <Length>288</Length>
      <SideWays>false</SideWays>
    </Unit>
    <Unit>
      <Type>"MiniBot"</Type>
      <Position>
        <x>960</x>
        <y>672</y>
      </Position>
      <Rotation>0</Rotation>
      <Length>160</Length>
      <SideWays>true</SideWays>
    </Unit>
    <Unit>
      <Type>"MiniBot"</Type>
      <Position>
        <x>1184</x>
        <y>64</y>
      </Position>
      <Rotation>270</Rotation>
      <Length>416</Length>
      <SideWays>false</SideWays>
    </Unit>

    <Unit>
      <Type>"Laser"</Type>
      <Position>
        <x>864</x>
        <y>256</y>
      </Position>
      <Id>"LaserBlue1"</Id>
      <Active>true</Active>
      <Length>384</Length>
      <Rotation>0</Rotation>
      <Color>"Blue"</Color>
      <VisibilityRange>100</VisibilityRange>
    </Unit>
    <Unit>
      <Type>"Laser"</Type>
      <Position>
        <x>736</x>
        <y>320</y>
      </Position>
      <Id>"LaserRed1"</Id>
      <Active>true</Active>
      <Length>256</Length>
      <Rotation>270</Rotation>
      <Color>"Red"</Color>
      <VisibilityRange>100</VisibilityRange>
    </Unit>
    <Unit>
      <Type>"Laser"</Type>
      <Position>
        <x>64</x>
        <y>448</y>
      </Position>
      <Id>"LaserRed2"</Id>
      <Active>true</Active>
      <Length>64</Length>
      <Rotation>270</Rotation>
      <Color>"Red"</Color>
      <VisibilityRange>100</VisibilityRange>
    </Unit>
    <Unit>
      <Type>"Laser"</Type>
      <Position>
        <x>576</x>
        <y>672</y>
      </Position>
      <Id>"LaserYellow1"</Id>
      <Active>true</Active>
      <Length>256</Length>
      <Rotation>270</Rotation>
      <Color>"Yellow"</Color>
      <VisibilityRange>100</VisibilityRange>
    </Unit>

    <Unit>
      <Type>Checkpoint</Type>
      <SpriteName>CheckpointAnim</SpriteName>
      <Position>
        <x>192</x>
        <y>352</y>
      </Position>
      <Size>
        <x>40</x>
        <y>58</y>
      </Size>
      <Offset>
        <x>12</x>
        <y>6</y>
      </Offset>
    </Unit>

    <Unit>
      <Type>"Platform"</Type>
      <SpriteName>"TileL6p"</SpriteName>
      <Position>
        <x>64</x>
        <y>64</y>
      </Position>
      <Size>
        <x>64</x>
        <y>64</y>
      </Size>
    </Unit>
    <Unit>
      <Type>"Platform"</Type>
      <SpriteName>"TileL6o"</SpriteName>
      <Position>
        <x>128</x>
        <y>64</y>
      </Position>
      <Size>
        <x>64</x>
        <y>64</y>
      </Size>
    </Unit>
    <Unit>
      <Type>"Platform"</Type>
      <SpriteName>"TileL6a"</SpriteName>
      <Position>
        <x>128</x>
        <y>416</y>
      </Position>
      <Size>
        <x>64</x>
        <y>64</y>
      </Size>
    </Unit>
    <Unit>
      <Type>"Platform"</Type>
      <SpriteName>"TileL6b"</SpriteName>
      <Position>
        <x>192</x>
        <y>416</y>
      </Position>
      <Size>
        <x>64</x>
        <y>64</y>
      </Size>
    </Unit>
    
    <Unit>
      <Type>"Platform"</Type>
      <SpriteName>"TileL6d"</SpriteName>
      <Position>
        <x>64</x>
        <y>704</y>
      </Position>
      <Size>
        <x>64</x>
        <y>64</y>
      </Size>
    </Unit>
    <Unit>
      <Type>"Platform"</Type>
      <SpriteName>"TileL6c"</SpriteName>
      <Position>
        <x>128</x>
        <y>704</y>
      </Position>
      <Size>
        <x>64</x>
        <y>64</y>
      </Size>
    </Unit>
    <Unit>
      <Type>"Platform"</Type>
      <SpriteName>"TileL6n"</SpriteName>
      <Position>
        <x>192</x>
        <y>704</y>
      </Position>
      <Size>
        <x>64</x>
        <y>64</y>
      </Size>
    </Unit>
    <Unit>
      <Type>"Platform"</Type>
      <SpriteName>"TileL6k"</SpriteName>
      <Position>
        <x>192</x>
        <y>640</y>
      </Position>
      <Size>
        <x>64</x>
        <y>64</y>
      </Size>
    </Unit>
    
    <Unit>
      <Type>"Platform"</Type>
      <SpriteName>"TileL6i"</SpriteName>
      <Position>
        <x>512</x>
        <y>640</y>
      </Position>
      <Size>
        <x>64</x>
        <y>64</y>
      </Size>
    </Unit>
    <Unit>
      <Type>"Platform"</Type>
      <SpriteName>"TileL6m"</SpriteName>
      <Position>
        <x>512</x>
        <y>704</y>
      </Position>
      <Size>
        <x>64</x>
        <y>64</y>
      </Size>
    </Unit>
    <Unit>
      <Type>"Platform"</Type>
      <SpriteName>"TileL6e"</SpriteName>
      <Position>
        <x>576</x>
        <y>704</y>
      </Position>
      <Size>
        <x>64</x>
        <y>64</y>
      </Size>
    </Unit>
    <Unit>
      <Type>"Platform"</Type>
      <SpriteName>"TileL6f"</SpriteName>
      <Position>
        <x>640</x>
        <y>704</y>
      </Position>
      <Size>
        <x>64</x>
        <y>64</y>
      </Size>
    </Unit>
    <Unit>
      <Type>"Platform"</Type>
      <SpriteName>"TileL6c"</SpriteName>
      <Position>
        <x>704</x>
        <y>704</y>
      </Position>
      <Size>
        <x>64</x>
        <y>64</y>
      </Size>
    </Unit>
    
    <Unit>
      <Type>"Platform"</Type>
      <SpriteName>"TileL6h"</SpriteName>
      <Position>
        <x>768</x>
        <y>704</y>
      </Position>
      <Size>
        <x>64</x>
        <y>64</y>
      </Size>
    </Unit>
    <Unit>
      <Type>"Platform"</Type>
      <SpriteName>"TileL6Aq"</SpriteName>
      <Position>
        <x>832</x>
        <y>704</y>
      </Position>
      <Size>
        <x>64</x>
        <y>64</y>
      </Size>
    </Unit>
    <Unit>
      <Type>"Platform"</Type>
      <SpriteName>"TileL6Ad"</SpriteName>
      <Position>
        <x>896</x>
        <y>704</y>
      </Position>
      <Size>
        <x>64</x>
        <y>64</y>
      </Size>
    </Unit>
    <Unit>
      <Type>"Platform"</Type>
      <SpriteName>"TileL6c"</SpriteName>
      <Position>
        <x>960</x>
        <y>704</y>
      </Position>
      <Size>
        <x>64</x>
        <y>64</y>
      </Size>
    </Unit>
    <Unit>
      <Type>"Platform"</Type>
      <SpriteName>"TileL6d"</SpriteName>
      <Position>
        <x>1024</x>
        <y>704</y>
      </Position>
      <Size>
        <x>64</x>
        <y>64</y>
      </Size>
    </Unit>
    <Unit>
      <Type>"Platform"</Type>
      <SpriteName>"TileL6e"</SpriteName>
      <Position>
        <x>1088</x>
        <y>704</y>
      </Position>
      <Size>
        <x>64</x>
        <y>64</y>
      </Size>
    </Unit>
    <Unit>
      <Type>"Platform"</Type>
      <SpriteName>"TileL6Ab"</SpriteName>
      <Position>
        <x>1152</x>
        <y>704</y>
      </Position>
      <Size>
        <x>64</x>
        <y>64</y>
      </Size>
    </Unit>
    
    <Unit>
      <Type>"Platform"</Type>
      <SpriteName>"TileL6Ae"</SpriteName>
      <Position>
        <x>1152</x>
        <y>640</y>
      </Position>
      <Size>
        <x>64</x>
        <y>64</y>
      </Size>
    </Unit>
    <Unit>
      <Type>"Platform"</Type>
      <SpriteName>"TileL6Am"</SpriteName>
      <Position>
        <x>896</x>
        <y>640</y>
      </Position>
      <Size>
        <x>64</x>
        <y>64</y>
      </Size>
    </Unit>
    <Unit>
      <Type>"Platform"</Type>
      <SpriteName>"TileL6Ae"</SpriteName>
      <Position>
        <x>832</x>
        <y>640</y>
      </Position>
      <Size>
        <x>64</x>
        <y>64</y>
      </Size>
    </Unit>
    <Unit>
      <Type>"Platform"</Type>
      <SpriteName>"TileL6q"</SpriteName>
      <Position>
        <x>928</x>
        <y>576</y>
      </Position>
      <Size>
        <x>64</x>
        <y>64</y>
      </Size>
    </Unit>
    <Unit>
      <Type>"Platform"</Type>
      <SpriteName>"TileL6Al"</SpriteName>
      <Position>
        <x>992</x>
        <y>576</y>
      </Position>
      <Size>
        <x>64</x>
        <y>64</y>
      </Size>
    </Unit>
    <Unit>
      <Type>"Platform"</Type>
      <SpriteName>"TileL6j"</SpriteName>
      <Position>
        <x>672</x>
        <y>288</y>
      </Position>
      <Size>
        <x>64</x>
        <y>64</y>
      </Size>
    </Unit>
    <Unit>
      <Type>"Platform"</Type>
      <SpriteName>"TileL6l"</SpriteName>
      <Position>
        <x>672</x>
        <y>224</y>
      </Position>
      <Size>
        <x>64</x>
        <y>64</y>
      </Size>
    </Unit>

    <Unit>
      <Type>"Platform"</Type>
      <SpriteName>"TileL6i"</SpriteName>
      <Position>
        <x>192</x>
        <y>576</y>
      </Position>
    </Unit>

    <Unit>
      <Type>"Platform"</Type>
      <SpriteName>"TileL6Widea"</SpriteName>
      <Position>
        <x>288</x>
        <y>256</y>
      </Position>
    </Unit>
    <Unit>
      <Type>"Platform"</Type>
      <SpriteName>"TileL6Wideb"</SpriteName>
      <Position>
        <x>352</x>
        <y>224</y>
      </Position>
    </Unit>
    <Unit>
      <Type>"Platform"</Type>
      <SpriteName>"TileL6Widec"</SpriteName>
      <Position>
        <x>512</x>
        <y>224</y>
      </Position>
    </Unit>
    <Unit>
      <Type>"Platform"</Type>
      <SpriteName>"TileL6Widee"</SpriteName>
      <Position>
        <x>736</x>
        <y>224</y>
      </Position>
    </Unit>
    <Unit>
      <Type>"Platform"</Type>
      <SpriteName>"TileL6Wided"</SpriteName>
      <Position>
        <x>800</x>
        <y>224</y>
      </Position>
    </Unit>
    <Unit>
      <Type>"Platform"</Type>
      <SpriteName>"TileL6Wided"</SpriteName>
      <Position>
        <x>864</x>
        <y>224</y>
      </Position>
    </Unit>
    <Unit>
      <Type>"Platform"</Type>
      <SpriteName>"TileL6Widee"</SpriteName>
      <Position>
        <x>928</x>
        <y>224</y>
      </Position>
    </Unit>
    <Unit>
      <Type>"Platform"</Type>
      <SpriteName>"TileL6Widef"</SpriteName>
      <Position>
        <x>992</x>
        <y>224</y>
      </Position>
      <Size>
        <x>65</x>
        <y>32</y>
      </Size>
      <Offset>
        <x>-1</x>
        <y>0</y>
      </Offset>
    </Unit>

    <Unit>
      <Type>"Platform"</Type>
      <SpriteName>"TileL6Hihga"</SpriteName>
      <Position>
        <x>992</x>
        <y>256</y>
      </Position>
    </Unit>
    <Unit>
      <Type>"Platform"</Type>
      <SpriteName>"TileL6Hihgb"</SpriteName>
      <Position>
        <x>992</x>
        <y>320</y>
      </Position>
    </Unit>
    <Unit>
      <Type>"Platform"</Type>
      <SpriteName>"TileL6Hihgb"</SpriteName>
      <Position>
        <x>992</x>
        <y>384</y>
      </Position>
    </Unit>
    <Unit>
      <Type>"Platform"</Type>
      <SpriteName>"TileL6Hihga"</SpriteName>
      <Position>
        <x>992</x>
        <y>448</y>
      </Position>
    </Unit>
    <Unit>
      <Type>"Platform"</Type>
      <SpriteName>"TileL6Hihgb"</SpriteName>
      <Position>
        <x>992</x>
        <y>512</y>
      </Position>
    </Unit>

    <Unit>
      <Type>"Platform"</Type>
      <SpriteName>"PlatformBreakAni"</SpriteName>
      <Position>
        <x>352</x>
        <y>448</y>
      </Position>
      <Lives>3</Lives>
    </Unit>
    <Unit>
      <Type>"Platform"</Type>
      <SpriteName>"PlatformBreakAni"</SpriteName>
      <Position>
        <x>480</x>
        <y>480</y>
      </Position>
      <Lives>3</Lives>
    </Unit>
    <Unit>
      <Type>"Platform"</Type>
      <SpriteName>"PlatformBreakAni"</SpriteName>
      <Position>
        <x>576</x>
        <y>512</y>
      </Position>
      <Lives>3</Lives>
    </Unit>
    <Unit>
      <Type>"Platform"</Type>
      <SpriteName>"PlatformBreakAni"</SpriteName>
      <Position>
        <x>672</x>
        <y>544</y>
      </Position>
      <Lives>3</Lives>
    </Unit>
    <Unit>
      <Type>"Platform"</Type>
      <SpriteName>"PlatformBreakAni"</SpriteName>
      <Position>
        <x>768</x>
        <y>576</y>
      </Position>
      <Lives>3</Lives>
    </Unit>

    <Unit>
      <Type>"Platform"</Type>
      <SpriteName>"PlatformBreakAni"</SpriteName>
      <Position>
        <x>352</x>
        <y>480</y>
      </Position>
      <Lives>1</Lives>
    </Unit>
    <Unit>
      <Type>"Platform"</Type>
      <SpriteName>"PlatformBreakAni"</SpriteName>
      <Position>
        <x>256</x>
        <y>672</y>
      </Position>
      <Lives>2</Lives>
    </Unit>
    <Unit>
      <Type>"Platform"</Type>
      <SpriteName>"PlatformBreakAni"</SpriteName>
      <Position>
        <x>448</x>
        <y>672</y>
      </Position>
      <Lives>2</Lives>
    </Unit>

    <Unit>
      <Type>"LaserDeactivator"</Type>
      <Position>
        <x>800</x>
        <y>248</y>
      </Position>
      <SpriteName>"YellowButtonAni"</SpriteName>
      <Id>"LaserTriggerYellow"</Id>
      <Target>"LaserYellow1"</Target>
      <Rotation>180</Rotation>
    </Unit>
    <Unit>
      <Type>"LaserDeactivator"</Type>
      <Position>
        <x>96</x>
        <y>696</y>
      </Position>
      <SpriteName>"BlueButtonAni"</SpriteName>
      <Id>"LaserTriggerBlue"</Id>
      <Target>"LaserBlue1"</Target>
      <Rotation>0</Rotation>
    </Unit>
    <Unit>
      <Type>"LaserDeactivator"</Type>
      <Position>
        <x>800</x>
        <y>696</y>
      </Position>
      <SpriteName>"RedButtonAni"</SpriteName>
      <Id>"LaserTriggerRed"</Id>
      <Target>"LaserRed1"</Target>
      <Rotation>0</Rotation>
    </Unit>
    <Unit>
      <Type>"LaserDeactivator"</Type>
      <Position>
        <x>800</x>
        <y>696</y>
      </Position>
      <SpriteName>"RedButtonAni"</SpriteName>
      <Id>"LaserTriggerRed"</Id>
      <Target>"LaserRed2"</Target>
      <Rotation>0</Rotation>
    </Unit>

    <Unit>
      <Type>"Door"</Type>
      <SpriteName>"Exit"</SpriteName>
      <Position>
        <x>1152</x>
        <y>512</y>
      </Position>
      <Size>
        <x>32</x>
        <y>96</y>
      </Size>
      <Offset>
        <x>32</x>
        <y>0</y>
      </Offset>
      <Behind>true</Behind>
      <Solid>false</Solid>
      <Behind>true</Behind>
    </Unit>

    <Unit>
      <Type>"Lava"</Type>
      <SpriteName>"LavaMiddle"</SpriteName>
      <Frames>8</Frames>
      <Speed>180</Speed>
      <Position>
        <x>256</x>
        <y>704</y>
      </Position>
      <Size>
        <x>64</x>
        <y>64</y>
      </Size>
    </Unit>
    <Unit>
      <Type>"Lava"</Type>
      <SpriteName>"LavaMiddle"</SpriteName>
      <Frames>8</Frames>
      <Speed>180</Speed>
      <Position>
        <x>320</x>
        <y>704</y>
      </Position>
      <Size>
        <x>64</x>
        <y>64</y>
      </Size>
    </Unit>
    <Unit>
      <Type>"Lava"</Type>
      <SpriteName>"LavaMiddle"</SpriteName>
      <Frames>8</Frames>
      <Speed>180</Speed>
      <Position>
        <x>384</x>
        <y>704</y>
      </Position>
      <Size>
        <x>64</x>
        <y>64</y>
      </Size>
    </Unit>

    <Unit>
      <Type>"Ram"</Type>
      <SpriteName>"RamTopL6"</SpriteName>
      <Position>
        <x>0</x>
        <y>0</y>
      </Position>
    </Unit>
    <Unit>
      <Type>"Ram"</Type>
      <SpriteName>"RamLeftL6"</SpriteName>
      <Position>
        <x>0</x>
        <y>0</y>
      </Position>
    </Unit>
    <Unit>
      <Type>"Ram"</Type>
      <SpriteName>"RamRightL6"</SpriteName>
      <Position>
        <x>1216</x>
        <y>0</y>
      </Position>
    </Unit>
  </Objects>
</Level>