<?xml version="1.0" encoding="utf-8"?>
<Level>
  <Name>"Bana3"</Name>
  <Backgrounds>
    <Background>
      <Frames>1</Frames>
      <Speed>120</Speed>
      <SpriteName>"Bana3_bg1"</SpriteName>
      <Position>
        <x>0</x>
        <y>0</y>
      </Position>
    </Background>
    <Background>
      <Frames>1</Frames>
      <Speed>120</Speed>
      <SpriteName>"Bana3_bg2"</SpriteName>
      <Position>
        <x>640</x>
        <y>0</y>
      </Position>
    </Background>
  </Backgrounds>

  <Objects>
    <Unit>
      <Type>"Player"</Type>
      <Position>
        <x>64</x>
        <y>128</y>
      </Position>
      <Size>
        <x>64</x>
        <y>64</y>
      </Size>
    </Unit>

    <Unit>
      <Type>"Laser"</Type>
      <Position>
        <x>1040</x>
        <y>224</y>
      </Position>
      <Id>"LaserRedMeanix"</Id>
      <Active>true</Active>
      <Length>160</Length>
      <Rotation>180</Rotation>
      <Color>"Red"</Color>
      <VisibilityRange>100</VisibilityRange>
    </Unit>
    
    <Unit>
      <Type>"Meanix"</Type>
      <SpriteName>"MeanixAni"</SpriteName>
      <Frames>8</Frames>
      <Speed>100</Speed>
      <Position>
        <x>1120</x>
        <y>128</y>
      </Position>
      <Size>
        <x>64</x>
        <y>64</y>
      </Size>
    </Unit>

    <Unit>
      <Type>"Platform"</Type>
      <SpriteName>"TileL3a"</SpriteName>
      <Position>
        <x>224</x>
        <y>256</y>
      </Position>
      <Size>
        <x>64</x>
        <y>64</y>
      </Size>
    </Unit>
    <Unit>
      <Type>"Platform"</Type>
      <SpriteName>"TileL3c"</SpriteName>
      <Position>
        <x>480</x>
        <y>256</y>
      </Position>
      <Size>
        <x>64</x>
        <y>64</y>
      </Size>
    </Unit>
    <Unit>
      <Type>"Platform"</Type>
      <SpriteName>"TileL3d"</SpriteName>
      <Position>
        <x>480</x>
        <y>320</y>
      </Position>
      <Size>
        <x>64</x>
        <y>64</y>
      </Size>
    </Unit>
    <Unit>
      <Type>"Platform"</Type>
      <SpriteName>"TileL3e"</SpriteName>
      <Position>
        <x>480</x>
        <y>384</y>
      </Position>
      <Size>
        <x>64</x>
        <y>64</y>
      </Size>
    </Unit>
    <Unit>
      <Type>"Platform"</Type>
      <SpriteName>"TileL3b"</SpriteName>
      <Position>
        <x>928</x>
        <y>640</y>
      </Position>
      <Size>
        <x>64</x>
        <y>64</y>
      </Size>
    </Unit>
    <Unit>
      <Type>"Platform"</Type>
      <SpriteName>"TileL3a"</SpriteName>
      <Position>
        <x>1120</x>
        <y>640</y>
      </Position>
      <Size>
        <x>64</x>
        <y>64</y>
      </Size>
    </Unit>

    <Unit>
      <Type>"Platform"</Type>
      <SpriteName>"TileL3Sa"</SpriteName>
      <Position>
        <x>544</x>
        <y>256</y>
      </Position>
      <Size>
        <x>32</x>
        <y>32</y>
      </Size>
    </Unit>
    <Unit>
      <Type>"Platform"</Type>
      <SpriteName>"TileL3Sb"</SpriteName>
      <Position>
        <x>608</x>
        <y>192</y>
      </Position>
      <Size>
        <x>32</x>
        <y>32</y>
      </Size>
    </Unit>

    <Unit>
      <Type>"Platform"</Type>
      <SpriteName>"TileL3Widea"</SpriteName>
      <Position>
        <x>256</x>
        <y>416</y>
      </Position>
    </Unit>
    <Unit>
      <Type>"Platform"</Type>
      <SpriteName>"TileL3Wideb"</SpriteName>
      <Position>
        <x>544</x>
        <y>544</y>
      </Position>
    </Unit>
    
    <Unit>
      <Type>"Platform"</Type>
      <SpriteName>"TileL3Highb"</SpriteName>
      <Position>
        <x>608</x>
        <y>224</y>
      </Position>
    </Unit>
    <Unit>
      <Type>"Platform"</Type>
      <SpriteName>"TileL3Highc"</SpriteName>
      <Position>
        <x>608</x>
        <y>288</y>
      </Position>
    </Unit>
    <Unit>
      <Type>"Platform"</Type>
      <SpriteName>"TileL3Higha"</SpriteName>
      <Position>
        <x>640</x>
        <y>480</y>
      </Position>
    </Unit>

    <Unit>
      <Type>"AntiMagnet"</Type>
      <SpriteName>"AntiMagnet"</SpriteName>
      <Position>
        <x>64</x>
        <y>64</y>
      </Position>
    </Unit>
    <Unit>
      <Type>"AntiMagnet"</Type>
      <SpriteName>"AntiMagnet"</SpriteName>
      <Position>
        <x>128</x>
        <y>64</y>
      </Position>
    </Unit>
    <Unit>
      <Type>"AntiMagnet"</Type>
      <SpriteName>"AntiMagnet"</SpriteName>
      <Position>
        <x>192</x>
        <y>64</y>
      </Position>
    </Unit>
    <Unit>
      <Type>"AntiMagnet"</Type>
      <SpriteName>"AntiMagnet"</SpriteName>
      <Position>
        <x>256</x>
        <y>64</y>
      </Position>
    </Unit>
    <Unit>
      <Type>"AntiMagnet"</Type>
      <SpriteName>"AntiMagnet"</SpriteName>
      <Position>
        <x>320</x>
        <y>64</y>
      </Position>
    </Unit>
    <Unit>
      <Type>"AntiMagnet"</Type>
      <SpriteName>"AntiMagnet"</SpriteName>
      <Position>
        <x>384</x>
        <y>64</y>
      </Position>
    </Unit>
    <Unit>
      <Type>"AntiMagnet"</Type>
      <SpriteName>"AntiMagnet"</SpriteName>
      <Position>
        <x>448</x>
        <y>64</y>
      </Position>
    </Unit>
    <Unit>
      <Type>"AntiMagnet"</Type>
      <SpriteName>"AntiMagnet"</SpriteName>
      <Position>
        <x>512</x>
        <y>64</y>
      </Position>
    </Unit>
    <Unit>
      <Type>"AntiMagnet"</Type>
      <SpriteName>"AntiMagnet"</SpriteName>
      <Position>
        <x>576</x>
        <y>64</y>
      </Position>
    </Unit>
    <Unit>
      <Type>"AntiMagnet"</Type>
      <SpriteName>"AntiMagnet"</SpriteName>
      <Position>
        <x>640</x>
        <y>64</y>
      </Position>
    </Unit>
    <Unit>
      <Type>"AntiMagnet"</Type>
      <SpriteName>"AntiMagnet"</SpriteName>
      <Position>
        <x>704</x>
        <y>64</y>
      </Position>
    </Unit>
    <Unit>
      <Type>"AntiMagnet"</Type>
      <SpriteName>"AntiMagnet"</SpriteName>
      <Position>
        <x>768</x>
        <y>64</y>
      </Position>
    </Unit>
    <Unit>
      <Type>"AntiMagnet"</Type>
      <SpriteName>"AntiMagnet"</SpriteName>
      <Position>
        <x>832</x>
        <y>64</y>
      </Position>
    </Unit>
    <Unit>
      <Type>"AntiMagnet"</Type>
      <SpriteName>"AntiMagnet"</SpriteName>
      <Position>
        <x>896</x>
        <y>64</y>
      </Position>
    </Unit>
    <Unit>
      <Type>"AntiMagnet"</Type>
      <SpriteName>"AntiMagnet"</SpriteName>
      <Position>
        <x>960</x>
        <y>64</y>
      </Position>
    </Unit>
    <Unit>
      <Type>"AntiMagnet"</Type>
      <SpriteName>"AntiMagnet"</SpriteName>
      <Position>
        <x>1024</x>
        <y>64</y>
      </Position>
    </Unit>
    <Unit>
      <Type>"AntiMagnet"</Type>
      <SpriteName>"AntiMagnet"</SpriteName>
      <Position>
        <x>1088</x>
        <y>64</y>
      </Position>
    </Unit>
    <Unit>
      <Type>"AntiMagnet"</Type>
      <SpriteName>"AntiMagnet"</SpriteName>
      <Position>
        <x>1152</x>
        <y>64</y>
      </Position>
    </Unit>

    <Unit>
      <Type>"Balcony"</Type>
      <SpriteName>"BolconyCornerL"</SpriteName>
      <Position>
        <x>1024</x>
        <y>256</y>
      </Position>
    </Unit>
    <Unit>
      <Type>"Balcony"</Type>
      <SpriteName>"BolconyMiddle"</SpriteName>
      <Position>
        <x>1088</x>
        <y>256</y>
      </Position>
    </Unit>
    <Unit>
      <Type>"Balcony"</Type>
      <SpriteName>"BolconyMiddle"</SpriteName>
      <Position>
        <x>1152</x>
        <y>256</y>
      </Position>
    </Unit>
    <Unit>
      <Type>"Rail"</Type>
      <SpriteName>"RailEndL"</SpriteName>
      <Position>
        <x>1024</x>
        <y>224</y>
      </Position>
      <Size>
        <x>64</x>
        <y>32</y>
      </Size>
      <Solid>false</Solid>
    </Unit>
    <Unit>
      <Type>"Rail"</Type>
      <SpriteName>"RailMiddle"</SpriteName>
      <Position>
        <x>1088</x>
        <y>224</y>
      </Position>
      <Size>
        <x>64</x>
        <y>32</y>
      </Size>
      <Solid>false</Solid>
    </Unit>
    <Unit>
      <Type>"Rail"</Type>
      <SpriteName>"RailMiddle"</SpriteName>
      <Position>
        <x>1152</x>
        <y>224</y>
      </Position>
      <Size>
        <x>64</x>
        <y>32</y>
      </Size>
      <Solid>false</Solid>
    </Unit>

    <Unit>
      <Type>"Platform"</Type>
      <SpriteName>"PlatformBreakAni"</SpriteName>
      <Position>
        <x>64</x>
        <y>256</y>
      </Position>
      <Lives>3</Lives>
    </Unit>
    <Unit>
      <Type>"Platform"</Type>
      <SpriteName>"PlatformBreakAni"</SpriteName>
      <Position>
        <x>224</x>
        <y>544</y>
      </Position>
      <Lives>3</Lives>
    </Unit>
    <Unit>
      <Type>"Platform"</Type>
      <SpriteName>"PlatformBreakAni"</SpriteName>
      <Position>
        <x>320</x>
        <y>576</y>
      </Position>
      <Lives>3</Lives>
    </Unit>
    <Unit>
      <Type>"Platform"</Type>
      <SpriteName>"PlatformBreakAni"</SpriteName>
      <Position>
        <x>416</x>
        <y>608</y>
      </Position>
      <Lives>3</Lives>
    </Unit>

    <Unit>
      <Type>"Platform"</Type>
      <SpriteName>"PlatformBreakAni"</SpriteName>
      <Position>
        <x>96</x>
        <y>512</y>
      </Position>
      <Lives>2</Lives>
    </Unit>

    <Unit>
      <Type>"Platform"</Type>
      <SpriteName>"PlatformBreakAni"</SpriteName>
      <Position>
        <x>64</x>
        <y>384</y>
      </Position>
      <Lives>1</Lives>
    </Unit>
    <Unit>
      <Type>"Platform"</Type>
      <SpriteName>"PlatformBreakAni"</SpriteName>
      <Position>
        <x>416</x>
        <y>416</y>
      </Position>
      <Lives>1</Lives>
    </Unit>
    <Unit>
      <Type>"Platform"</Type>
      <SpriteName>"PlatformBreakAni"</SpriteName>
      <Position>
        <x>320</x>
        <y>672</y>
      </Position>
      <Lives>1</Lives>
    </Unit>

    <Unit>
      <Type>"Door"</Type>
      <SpriteName>"Exit"</SpriteName>
      <Position>
        <x>1120</x>
        <y>512</y>
      </Position>
      <Size>
        <x>32</x>
        <y>96</y>
      </Size>
      <Offset>
        <x>32</x>
        <y>0</y>
      </Offset>
      <Behind>true</Behind>
      <Solid>false</Solid>
      <Behind>true</Behind>
    </Unit>

    <Unit>
      <Type>"Lava"</Type>
      <SpriteName>"LavaMiddle"</SpriteName>
      <Frames>8</Frames>
      <Speed>180</Speed>
      <Position>
        <x>64</x>
        <y>704</y>
      </Position>
      <Size>
        <x>64</x>
        <y>64</y>
      </Size>
    </Unit>
    <Unit>
      <Type>"Lava"</Type>
      <SpriteName>"LavaMiddle"</SpriteName>
      <Frames>8</Frames>
      <Speed>180</Speed>
      <Position>
        <x>128</x>
        <y>704</y>
      </Position>
      <Size>
        <x>64</x>
        <y>64</y>
      </Size>
    </Unit>
    <Unit>
      <Type>"Lava"</Type>
      <SpriteName>"LavaMiddle"</SpriteName>
      <Frames>8</Frames>
      <Speed>180</Speed>
      <Position>
        <x>192</x>
        <y>704</y>
      </Position>
      <Size>
        <x>64</x>
        <y>64</y>
      </Size>
    </Unit>
    <Unit>
      <Type>"Lava"</Type>
      <SpriteName>"LavaMiddle"</SpriteName>
      <Frames>8</Frames>
      <Speed>180</Speed>
      <Position>
        <x>256</x>
        <y>704</y>
      </Position>
      <Size>
        <x>64</x>
        <y>64</y>
      </Size>
    </Unit>
    <Unit>
      <Type>"Lava"</Type>
      <SpriteName>"LavaMiddle"</SpriteName>
      <Frames>8</Frames>
      <Speed>180</Speed>
      <Position>
        <x>320</x>
        <y>704</y>
      </Position>
      <Size>
        <x>64</x>
        <y>64</y>
      </Size>
    </Unit>
    <Unit>
      <Type>"Lava"</Type>
      <SpriteName>"LavaMiddle"</SpriteName>
      <Frames>8</Frames>
      <Speed>180</Speed>
      <Position>
        <x>384</x>
        <y>704</y>
      </Position>
      <Size>
        <x>64</x>
        <y>64</y>
      </Size>
    </Unit>
    <Unit>
      <Type>"Lava"</Type>
      <SpriteName>"LavaMiddle"</SpriteName>
      <Frames>8</Frames>
      <Speed>180</Speed>
      <Position>
        <x>448</x>
        <y>704</y>
      </Position>
      <Size>
        <x>64</x>
        <y>64</y>
      </Size>
    </Unit>
    <Unit>
      <Type>"Lava"</Type>
      <SpriteName>"LavaMiddle"</SpriteName>
      <Frames>8</Frames>
      <Speed>180</Speed>
      <Position>
        <x>512</x>
        <y>704</y>
      </Position>
      <Size>
        <x>64</x>
        <y>64</y>
      </Size>
    </Unit>
    <Unit>
      <Type>"Lava"</Type>
      <SpriteName>"LavaMiddle"</SpriteName>
      <Frames>8</Frames>
      <Speed>180</Speed>
      <Position>
        <x>576</x>
        <y>704</y>
      </Position>
      <Size>
        <x>64</x>
        <y>64</y>
      </Size>
    </Unit>
    <Unit>
      <Type>"Lava"</Type>
      <SpriteName>"LavaMiddle"</SpriteName>
      <Frames>8</Frames>
      <Speed>180</Speed>
      <Position>
        <x>640</x>
        <y>704</y>
      </Position>
      <Size>
        <x>64</x>
        <y>64</y>
      </Size>
    </Unit>
    <Unit>
      <Type>"Lava"</Type>
      <SpriteName>"LavaMiddle"</SpriteName>
      <Frames>8</Frames>
      <Speed>180</Speed>
      <Position>
        <x>704</x>
        <y>704</y>
      </Position>
      <Size>
        <x>64</x>
        <y>64</y>
      </Size>
    </Unit>
    <Unit>
      <Type>"Lava"</Type>
      <SpriteName>"LavaMiddle"</SpriteName>
      <Frames>8</Frames>
      <Speed>180</Speed>
      <Position>
        <x>768</x>
        <y>704</y>
      </Position>
      <Size>
        <x>64</x>
        <y>64</y>
      </Size>
    </Unit>
    <Unit>
      <Type>"Lava"</Type>
      <SpriteName>"LavaMiddle"</SpriteName>
      <Frames>8</Frames>
      <Speed>180</Speed>
      <Position>
        <x>832</x>
        <y>704</y>
      </Position>
      <Size>
        <x>64</x>
        <y>64</y>
      </Size>
    </Unit>
    <Unit>
      <Type>"Lava"</Type>
      <SpriteName>"LavaMiddle"</SpriteName>
      <Frames>8</Frames>
      <Speed>180</Speed>
      <Position>
        <x>896</x>
        <y>704</y>
      </Position>
      <Size>
        <x>64</x>
        <y>64</y>
      </Size>
    </Unit>
    <Unit>
      <Type>"Lava"</Type>
      <SpriteName>"LavaMiddle"</SpriteName>
      <Frames>8</Frames>
      <Speed>180</Speed>
      <Position>
        <x>960</x>
        <y>704</y>
      </Position>
      <Size>
        <x>64</x>
        <y>64</y>
      </Size>
    </Unit>
    <Unit>
      <Type>"Lava"</Type>
      <SpriteName>"LavaMiddle"</SpriteName>
      <Frames>8</Frames>
      <Speed>180</Speed>
      <Position>
        <x>1024</x>
        <y>704</y>
      </Position>
      <Size>
        <x>64</x>
        <y>64</y>
      </Size>
    </Unit>
    <Unit>
      <Type>"Lava"</Type>
      <SpriteName>"LavaMiddle"</SpriteName>
      <Frames>8</Frames>
      <Speed>180</Speed>
      <Position>
        <x>1088</x>
        <y>704</y>
      </Position>
      <Size>
        <x>64</x>
        <y>64</y>
      </Size>
    </Unit>
    <Unit>
      <Type>"Lava"</Type>
      <SpriteName>"LavaMiddle"</SpriteName>
      <Frames>8</Frames>
      <Speed>180</Speed>
      <Position>
        <x>1152</x>
        <y>704</y>
      </Position>
      <Size>
        <x>64</x>
        <y>64</y>
      </Size>
    </Unit>

    <Unit>
      <Type>"Ram"</Type>
      <SpriteName>"RamTop1"</SpriteName>
      <Position>
        <x>0</x>
        <y>0</y>
      </Position>
    </Unit>
    <Unit>
      <Type>"Ram"</Type>
      <SpriteName>"RamTop2"</SpriteName>
      <Position>
        <x>640</x>
        <y>0</y>
      </Position>
    </Unit>
    <Unit>
      <Type>"Ram"</Type>
      <SpriteName>"RamLeft1"</SpriteName>
      <Position>
        <x>0</x>
        <y>64</y>
      </Position>
    </Unit>
    <Unit>
      <Type>"Ram"</Type>
      <SpriteName>"RamRight1"</SpriteName>
      <Position>
        <x>1216</x>
        <y>64</y>
      </Position>
    </Unit>
    <Unit>
      <Type>"Ram"</Type>
      <SpriteName>"RamPipeLeft1"</SpriteName>
      <Position>
        <x>0</x>
        <y>696</y>
      </Position>
    </Unit>
    <Unit>
      <Type>"Ram"</Type>
      <SpriteName>"RamPipeRight1"</SpriteName>
      <Position>
        <x>1202</x>
        <y>696</y>
      </Position>
    </Unit>
  </Objects>
</Level>