<?xml version="1.0"?>
<Level>
	<Name>&quot;Test Bana&quot;</Name>
	<Backgrounds>
		<Background>
			<SpriteName>&quot;BackgroundBana6&quot;</SpriteName>
			<Frames>1</Frames>
			<Speed>120</Speed>
			<Position>
				<x>-2</x>
				<y>0</y>
			</Position>
		</Background>
	</Backgrounds>
	<Objects>
		<Unit>
			<Type>&quot;Player&quot;</Type>
			<Position>
				<x>928</x>
				<y>480</y>
			</Position>
		</Unit>
		<Unit>
			<Type>&quot;MiniBot&quot;</Type>
			<Position>
				<x>1024</x>
				<y>288</y>
			</Position>
			<Length>298</Length>
			<Rotation>90</Rotation>
			<SideWays>&quot;false&quot;</SideWays>
		</Unit>
		<Unit>
			<Type>&quot;MiniBot&quot;</Type>
			<Position>
				<x>960</x>
				<y>672</y>
			</Position>
			<Length>170</Length>
			<Rotation>0</Rotation>
			<SideWays>&quot;true&quot;</SideWays>
		</Unit>
		<Unit>
			<Type>&quot;MiniBot&quot;</Type>
			<Position>
				<x>1184</x>
				<y>64</y>
			</Position>
			<Length>426</Length>
			<Rotation>270</Rotation>
			<SideWays>&quot;false&quot;</SideWays>
		</Unit>
		<Unit>
			<Position>
				<x>864</x>
				<y>256</y>
			</Position>
			<Type>&quot;Laser&quot;</Type>
			<Id>&quot;LaserBlue1&quot;</Id>
			<Active>&quot;true&quot;</Active>
			<Rotation>0</Rotation>
			<Color>&quot;Blue&quot;</Color>
			<VisibilityRange>100</VisibilityRange>
			<Length>384</Length>
		</Unit>
		<Unit>
			<Position>
				<x>736</x>
				<y>320</y>
			</Position>
			<Type>&quot;Laser&quot;</Type>
			<Id>&quot;LaserRed1&quot;</Id>
			<Active>&quot;true&quot;</Active>
			<Rotation>270</Rotation>
			<Color>&quot;Red&quot;</Color>
			<VisibilityRange>100</VisibilityRange>
			<Length>256</Length>
		</Unit>
		<Unit>
			<Position>
				<x>64</x>
				<y>448</y>
			</Position>
			<Type>&quot;Laser&quot;</Type>
			<Id>&quot;LaserRed2&quot;</Id>
			<Active>&quot;true&quot;</Active>
			<Rotation>270</Rotation>
			<Color>&quot;Red&quot;</Color>
			<VisibilityRange>100</VisibilityRange>
			<Length>64</Length>
		</Unit>
		<Unit>
			<Position>
				<x>576</x>
				<y>672</y>
			</Position>
			<Type>&quot;Laser&quot;</Type>
			<Id>&quot;LaserYellow1&quot;</Id>
			<Active>&quot;true&quot;</Active>
			<Rotation>270</Rotation>
			<Color>&quot;Yellow&quot;</Color>
			<VisibilityRange>100</VisibilityRange>
			<Length>256</Length>
		</Unit>
		<Unit>
			<Type>&quot;Checkpoint&quot;</Type>
			<Position>
				<x>192</x>
				<y>352</y>
			</Position>
			<SpriteName>&quot;CheckpointAnim&quot;</SpriteName>
			<Size>
				<x>40</x>
				<y>58</y>
			</Size>
			<Offset>
				<x>12</x>
				<y>6</y>
			</Offset>
		</Unit>
		<Unit>
			<Type>&quot;Platform&quot;</Type>
			<SpriteName>&quot;TileL6p&quot;</SpriteName>
			<Position>
				<x>64</x>
				<y>64</y>
			</Position>
			<Size>
				<x>64</x>
				<y>64</y>
			</Size>
		</Unit>
		<Unit>
			<Type>&quot;Platform&quot;</Type>
			<SpriteName>&quot;TileL6o&quot;</SpriteName>
			<Position>
				<x>128</x>
				<y>64</y>
			</Position>
			<Size>
				<x>64</x>
				<y>64</y>
			</Size>
		</Unit>
		<Unit>
			<Type>&quot;Platform&quot;</Type>
			<SpriteName>&quot;TileL6a&quot;</SpriteName>
			<Position>
				<x>128</x>
				<y>416</y>
			</Position>
			<Size>
				<x>64</x>
				<y>64</y>
			</Size>
		</Unit>
		<Unit>
			<Type>&quot;Platform&quot;</Type>
			<SpriteName>&quot;TileL6b&quot;</SpriteName>
			<Position>
				<x>192</x>
				<y>416</y>
			</Position>
			<Size>
				<x>64</x>
				<y>64</y>
			</Size>
		</Unit>
		<Unit>
			<Type>&quot;Platform&quot;</Type>
			<SpriteName>&quot;TileL6d&quot;</SpriteName>
			<Position>
				<x>64</x>
				<y>704</y>
			</Position>
			<Size>
				<x>64</x>
				<y>64</y>
			</Size>
		</Unit>
		<Unit>
			<Type>&quot;Platform&quot;</Type>
			<SpriteName>&quot;TileL6c&quot;</SpriteName>
			<Position>
				<x>128</x>
				<y>704</y>
			</Position>
			<Size>
				<x>64</x>
				<y>64</y>
			</Size>
		</Unit>
		<Unit>
			<Type>&quot;Platform&quot;</Type>
			<SpriteName>&quot;TileL6n&quot;</SpriteName>
			<Position>
				<x>192</x>
				<y>704</y>
			</Position>
			<Size>
				<x>64</x>
				<y>64</y>
			</Size>
		</Unit>
		<Unit>
			<Type>&quot;Platform&quot;</Type>
			<SpriteName>&quot;TileL6k&quot;</SpriteName>
			<Position>
				<x>192</x>
				<y>640</y>
			</Position>
			<Size>
				<x>64</x>
				<y>64</y>
			</Size>
		</Unit>
		<Unit>
			<Type>&quot;Platform&quot;</Type>
			<SpriteName>&quot;TileL6i&quot;</SpriteName>
			<Position>
				<x>512</x>
				<y>640</y>
			</Position>
			<Size>
				<x>64</x>
				<y>64</y>
			</Size>
		</Unit>
		<Unit>
			<Type>&quot;Platform&quot;</Type>
			<SpriteName>&quot;TileL6m&quot;</SpriteName>
			<Position>
				<x>512</x>
				<y>704</y>
			</Position>
			<Size>
				<x>64</x>
				<y>64</y>
			</Size>
		</Unit>
		<Unit>
			<Type>&quot;Platform&quot;</Type>
			<SpriteName>&quot;TileL6e&quot;</SpriteName>
			<Position>
				<x>576</x>
				<y>704</y>
			</Position>
			<Size>
				<x>64</x>
				<y>64</y>
			</Size>
		</Unit>
		<Unit>
			<Type>&quot;Platform&quot;</Type>
			<SpriteName>&quot;TileL6f&quot;</SpriteName>
			<Position>
				<x>640</x>
				<y>704</y>
			</Position>
			<Size>
				<x>64</x>
				<y>64</y>
			</Size>
		</Unit>
		<Unit>
			<Type>&quot;Platform&quot;</Type>
			<SpriteName>&quot;TileL6c&quot;</SpriteName>
			<Position>
				<x>704</x>
				<y>704</y>
			</Position>
			<Size>
				<x>64</x>
				<y>64</y>
			</Size>
		</Unit>
		<Unit>
			<Type>&quot;Platform&quot;</Type>
			<SpriteName>&quot;TileL6h&quot;</SpriteName>
			<Position>
				<x>768</x>
				<y>704</y>
			</Position>
			<Size>
				<x>64</x>
				<y>64</y>
			</Size>
		</Unit>
		<Unit>
			<Type>&quot;Platform&quot;</Type>
			<SpriteName>&quot;TileL6Aq&quot;</SpriteName>
			<Position>
				<x>832</x>
				<y>704</y>
			</Position>
			<Size>
				<x>64</x>
				<y>64</y>
			</Size>
		</Unit>
		<Unit>
			<Type>&quot;Platform&quot;</Type>
			<SpriteName>&quot;TileL6Ad&quot;</SpriteName>
			<Position>
				<x>896</x>
				<y>704</y>
			</Position>
			<Size>
				<x>64</x>
				<y>64</y>
			</Size>
		</Unit>
		<Unit>
			<Type>&quot;Platform&quot;</Type>
			<SpriteName>&quot;TileL6c&quot;</SpriteName>
			<Position>
				<x>960</x>
				<y>704</y>
			</Position>
			<Size>
				<x>64</x>
				<y>64</y>
			</Size>
		</Unit>
		<Unit>
			<Type>&quot;Platform&quot;</Type>
			<SpriteName>&quot;TileL6d&quot;</SpriteName>
			<Position>
				<x>1024</x>
				<y>704</y>
			</Position>
			<Size>
				<x>64</x>
				<y>64</y>
			</Size>
		</Unit>
		<Unit>
			<Type>&quot;Platform&quot;</Type>
			<SpriteName>&quot;TileL6e&quot;</SpriteName>
			<Position>
				<x>1088</x>
				<y>704</y>
			</Position>
			<Size>
				<x>64</x>
				<y>64</y>
			</Size>
		</Unit>
		<Unit>
			<Type>&quot;Platform&quot;</Type>
			<SpriteName>&quot;TileL6Ab&quot;</SpriteName>
			<Position>
				<x>1152</x>
				<y>704</y>
			</Position>
			<Size>
				<x>64</x>
				<y>64</y>
			</Size>
		</Unit>
		<Unit>
			<Type>&quot;Platform&quot;</Type>
			<SpriteName>&quot;TileL6Ae&quot;</SpriteName>
			<Position>
				<x>1152</x>
				<y>640</y>
			</Position>
			<Size>
				<x>64</x>
				<y>64</y>
			</Size>
		</Unit>
		<Unit>
			<Type>&quot;Platform&quot;</Type>
			<SpriteName>&quot;TileL6Am&quot;</SpriteName>
			<Position>
				<x>896</x>
				<y>640</y>
			</Position>
			<Size>
				<x>64</x>
				<y>64</y>
			</Size>
		</Unit>
		<Unit>
			<Type>&quot;Platform&quot;</Type>
			<SpriteName>&quot;TileL6Ae&quot;</SpriteName>
			<Position>
				<x>832</x>
				<y>640</y>
			</Position>
			<Size>
				<x>64</x>
				<y>64</y>
			</Size>
		</Unit>
		<Unit>
			<Type>&quot;Platform&quot;</Type>
			<SpriteName>&quot;TileL6q&quot;</SpriteName>
			<Position>
				<x>928</x>
				<y>576</y>
			</Position>
			<Size>
				<x>64</x>
				<y>64</y>
			</Size>
		</Unit>
		<Unit>
			<Type>&quot;Platform&quot;</Type>
			<SpriteName>&quot;TileL6Al&quot;</SpriteName>
			<Position>
				<x>992</x>
				<y>576</y>
			</Position>
			<Size>
				<x>64</x>
				<y>64</y>
			</Size>
		</Unit>
		<Unit>
			<Type>&quot;Platform&quot;</Type>
			<SpriteName>&quot;TileL6j&quot;</SpriteName>
			<Position>
				<x>672</x>
				<y>288</y>
			</Position>
			<Size>
				<x>64</x>
				<y>64</y>
			</Size>
		</Unit>
		<Unit>
			<Type>&quot;Platform&quot;</Type>
			<SpriteName>&quot;TileL6l&quot;</SpriteName>
			<Position>
				<x>672</x>
				<y>224</y>
			</Position>
			<Size>
				<x>64</x>
				<y>64</y>
			</Size>
		</Unit>
		<Unit>
			<Type>&quot;Platform&quot;</Type>
			<SpriteName>&quot;TileL6Widec&quot;</SpriteName>
			<Position>
				<x>352</x>
				<y>224</y>
			</Position>
		</Unit>
		<Unit>
			<Type>&quot;Platform&quot;</Type>
			<SpriteName>&quot;TileL6Widee&quot;</SpriteName>
			<Position>
				<x>736</x>
				<y>224</y>
			</Position>
		</Unit>
		<Unit>
			<Type>&quot;Platform&quot;</Type>
			<SpriteName>&quot;TileL6Wided&quot;</SpriteName>
			<Position>
				<x>800</x>
				<y>224</y>
			</Position>
		</Unit>
		<Unit>
			<Type>&quot;Platform&quot;</Type>
			<SpriteName>&quot;TileL6Wided&quot;</SpriteName>
			<Position>
				<x>864</x>
				<y>224</y>
			</Position>
		</Unit>
		<Unit>
			<Type>&quot;Platform&quot;</Type>
			<SpriteName>&quot;TileL6Widee&quot;</SpriteName>
			<Position>
				<x>928</x>
				<y>224</y>
			</Position>
		</Unit>
		<Unit>
			<Type>&quot;Platform&quot;</Type>
			<SpriteName>&quot;TileL6Widef&quot;</SpriteName>
			<Position>
				<x>992</x>
				<y>224</y>
			</Position>
		</Unit>
		<Unit>
			<Type>&quot;Platform&quot;</Type>
			<SpriteName>&quot;TileL6Hihga&quot;</SpriteName>
			<Position>
				<x>992</x>
				<y>256</y>
			</Position>
		</Unit>
		<Unit>
			<Type>&quot;Platform&quot;</Type>
			<SpriteName>&quot;TileL6Hihgb&quot;</SpriteName>
			<Position>
				<x>992</x>
				<y>320</y>
			</Position>
		</Unit>
		<Unit>
			<Type>&quot;Platform&quot;</Type>
			<SpriteName>&quot;TileL6Hihgb&quot;</SpriteName>
			<Position>
				<x>992</x>
				<y>384</y>
			</Position>
		</Unit>
		<Unit>
			<Type>&quot;Platform&quot;</Type>
			<SpriteName>&quot;TileL6Hihga&quot;</SpriteName>
			<Position>
				<x>992</x>
				<y>448</y>
			</Position>
		</Unit>
		<Unit>
			<Type>&quot;Platform&quot;</Type>
			<SpriteName>&quot;TileL6Hihgb&quot;</SpriteName>
			<Position>
				<x>992</x>
				<y>512</y>
			</Position>
		</Unit>
		<Unit>
			<Type>&quot;Platform&quot;</Type>
			<SpriteName>&quot;PlatformBreakAni&quot;</SpriteName>
			<Position>
				<x>288</x>
				<y>448</y>
			</Position>
			<Lives>3</Lives>
		</Unit>
		<Unit>
			<Type>&quot;Platform&quot;</Type>
			<SpriteName>&quot;PlatformBreakAni&quot;</SpriteName>
			<Position>
				<x>448</x>
				<y>480</y>
			</Position>
			<Lives>3</Lives>
		</Unit>
		<Unit>
			<Type>&quot;Platform&quot;</Type>
			<SpriteName>&quot;PlatformBreakAni&quot;</SpriteName>
			<Position>
				<x>608</x>
				<y>512</y>
			</Position>
			<Lives>3</Lives>
		</Unit>
		<Unit>
			<Type>&quot;Platform&quot;</Type>
			<SpriteName>&quot;PlatformBreakAni&quot;</SpriteName>
			<Position>
				<x>768</x>
				<y>544</y>
			</Position>
			<Lives>3</Lives>
		</Unit>
		<Unit>
			<Type>&quot;Platform&quot;</Type>
			<SpriteName>&quot;PlatformBreakAni&quot;</SpriteName>
			<Position>
				<x>256</x>
				<y>672</y>
			</Position>
			<Lives>2</Lives>
		</Unit>
		<Unit>
			<Type>&quot;Platform&quot;</Type>
			<SpriteName>&quot;PlatformBreakAni&quot;</SpriteName>
			<Position>
				<x>448</x>
				<y>672</y>
			</Position>
			<Lives>2</Lives>
		</Unit>
		<Unit>
			<Type>&quot;Door&quot;</Type>
			<SpriteName>&quot;Exit&quot;</SpriteName>
			<Position>
				<x>1152</x>
				<y>512</y>
			</Position>
			<Size>
				<x>1152</x>
				<y>512</y>
			</Size>
			<Offset>
				<x>32</x>
				<y>0</y>
			</Offset>
			<Behind>true</Behind>
			<Solid>&quot;false&quot;</Solid>
		</Unit>
		<Unit>
			<Type>&quot;Lava&quot;</Type>
			<SpriteName>&quot;LavaMiddle&quot;</SpriteName>
			<Speed>180</Speed>
			<Frames>8</Frames>
			<Position>
				<x>256</x>
				<y>704</y>
			</Position>
			<Size>
				<x>0</x>
				<y>0</y>
			</Size>
			<Solid>&quot;true&quot;</Solid>
		</Unit>
		<Unit>
			<Type>&quot;Lava&quot;</Type>
			<SpriteName>&quot;LavaMiddle&quot;</SpriteName>
			<Speed>180</Speed>
			<Frames>8</Frames>
			<Position>
				<x>320</x>
				<y>704</y>
			</Position>
			<Size>
				<x>0</x>
				<y>0</y>
			</Size>
			<Solid>&quot;true&quot;</Solid>
		</Unit>
		<Unit>
			<Type>&quot;Lava&quot;</Type>
			<SpriteName>&quot;LavaMiddle&quot;</SpriteName>
			<Speed>180</Speed>
			<Frames>8</Frames>
			<Position>
				<x>384</x>
				<y>704</y>
			</Position>
			<Size>
				<x>0</x>
				<y>0</y>
			</Size>
			<Solid>&quot;true&quot;</Solid>
		</Unit>
		<Unit>
			<Type>&quot;Ram&quot;</Type>
			<SpriteName>&quot;RamTopL6&quot;</SpriteName>
			<Position>
				<x>0</x>
				<y>0</y>
			</Position>
			<Size>
				<x>0</x>
				<y>0</y>
			</Size>
			<Solid>&quot;true&quot;</Solid>
		</Unit>
		<Unit>
			<Type>&quot;Ram&quot;</Type>
			<SpriteName>&quot;RamLeftL6&quot;</SpriteName>
			<Position>
				<x>0</x>
				<y>0</y>
			</Position>
			<Size>
				<x>0</x>
				<y>0</y>
			</Size>
			<Solid>&quot;true&quot;</Solid>
		</Unit>
		<Unit>
			<Type>&quot;Ram&quot;</Type>
			<SpriteName>&quot;RamRightL6&quot;</SpriteName>
			<Position>
				<x>1216</x>
				<y>0</y>
			</Position>
			<Size>
				<x>1216</x>
				<y>800</y>
			</Size>
			<Solid>&quot;true&quot;</Solid>
		</Unit>
		<Unit>
			<Type>&quot;LaserDeactivator&quot;</Type>
			<Position>
				<x>800</x>
				<y>248</y>
			</Position>
			<SpriteName>&quot;YellowButtonAni&quot;</SpriteName>
			<Id>&quot;LaserTriggerYellow&quot;</Id>
			<Rotation>180</Rotation>
			<Target>&quot;LaserYellow1&quot;</Target>
			<Sound>&quot;&quot;</Sound>
		</Unit>
		<Unit>
			<Type>&quot;LaserDeactivator&quot;</Type>
			<Position>
				<x>96</x>
				<y>696</y>
			</Position>
			<SpriteName>&quot;BlueButtonAni&quot;</SpriteName>
			<Id>&quot;LaserTriggerBlue&quot;</Id>
			<Rotation>0</Rotation>
			<Target>&quot;LaserBlue1&quot;</Target>
			<Sound>&quot;&quot;</Sound>
		</Unit>
		<Unit>
			<Type>&quot;LaserDeactivator&quot;</Type>
			<Position>
				<x>800</x>
				<y>696</y>
			</Position>
			<SpriteName>&quot;RedButtonAni&quot;</SpriteName>
			<Id>&quot;LaserTriggerRed&quot;</Id>
			<Rotation>0</Rotation>
			<Target>&quot;LaserRed1&quot;</Target>
			<Sound>&quot;&quot;</Sound>
		</Unit>
		<Unit>
			<Type>&quot;LaserDeactivator&quot;</Type>
			<Position>
				<x>800</x>
				<y>696</y>
			</Position>
			<SpriteName>&quot;RedButtonAni&quot;</SpriteName>
			<Id>&quot;LaserTriggerRed&quot;</Id>
			<Rotation>0</Rotation>
			<Target>&quot;LaserRed2&quot;</Target>
			<Sound>&quot;&quot;</Sound>
		</Unit>
		<Unit>
			<Type>&quot;Platform&quot;</Type>
			<SpriteName>&quot;TileL6i&quot;</SpriteName>
			<Position>
				<x>192</x>
				<y>576</y>
			</Position>
		</Unit>
	</Objects>
</Level>

