<?xml version="1.0"?>
<Level>
	<Name>&quot;Test Bana&quot;</Name>
	<Backgrounds>
		<Background>
			<SpriteName>&quot;Bana2_bg1&quot;</SpriteName>
			<Frames>1</Frames>
			<Speed>120</Speed>
			<Position>
				<x>0</x>
				<y>0</y>
			</Position>
		</Background>
		<Background>
			<SpriteName>&quot;Bana2_bg2&quot;</SpriteName>
			<Frames>1</Frames>
			<Speed>120</Speed>
			<Position>
				<x>640</x>
				<y>0</y>
			</Position>
		</Background>
	</Backgrounds>
	<Objects>
		<Unit>
			<Type>&quot;Player&quot;</Type>
			<Position>
				<x>64</x>
				<y>384</y>
			</Position>
		</Unit>
		<Unit>
			<Type>&quot;Meanix&quot;</Type>
			<Position>
				<x>160</x>
				<y>96</y>
			</Position>
		</Unit>
		<Unit>
			<Position>
				<x>304</x>
				<y>192</y>
			</Position>
			<Type>&quot;Laser&quot;</Type>
			<Id>&quot;LaserRedMeanix&quot;</Id>
			<Active>&quot;true&quot;</Active>
			<Rotation>180</Rotation>
			<Color>&quot;Red&quot;</Color>
			<VisibilityRange>100</VisibilityRange>
			<Length>150</Length>
		</Unit>
		<Unit>
			<Position>
				<x>704</x>
				<y>126</y>
			</Position>
			<Type>&quot;Laser&quot;</Type>
			<Id>&quot;LaserBlue1&quot;</Id>
			<Active>&quot;true&quot;</Active>
			<Rotation>270</Rotation>
			<Color>&quot;Blue&quot;</Color>
			<VisibilityRange>100</VisibilityRange>
			<Length>418</Length>
		</Unit>
		<Unit>
			<Position>
				<x>1022</x>
				<y>576</y>
			</Position>
			<Type>&quot;Laser&quot;</Type>
			<Id>&quot;LaserBlue2&quot;</Id>
			<Active>&quot;true&quot;</Active>
			<Rotation>0</Rotation>
			<Color>&quot;Blue&quot;</Color>
			<VisibilityRange>100</VisibilityRange>
			<Length>64</Length>
		</Unit>
		<Unit>
			<Position>
				<x>862</x>
				<y>64</y>
			</Position>
			<Type>&quot;Laser&quot;</Type>
			<Id>&quot;LaserRed1&quot;</Id>
			<Active>&quot;true&quot;</Active>
			<Rotation>0</Rotation>
			<Color>&quot;Red&quot;</Color>
			<VisibilityRange>100</VisibilityRange>
			<Length>316</Length>
		</Unit>
		<Unit>
			<Position>
				<x>862</x>
				<y>448</y>
			</Position>
			<Type>&quot;Laser&quot;</Type>
			<Id>&quot;LaserRed2&quot;</Id>
			<Active>&quot;true&quot;</Active>
			<Rotation>0</Rotation>
			<Color>&quot;Red&quot;</Color>
			<VisibilityRange>100</VisibilityRange>
			<Length>190</Length>
		</Unit>
		<Unit>
			<Position>
				<x>896</x>
				<y>654</y>
			</Position>
			<Type>&quot;Laser&quot;</Type>
			<Id>&quot;LaserRed3&quot;</Id>
			<Active>&quot;true&quot;</Active>
			<Rotation>270</Rotation>
			<Color>&quot;Red&quot;</Color>
			<VisibilityRange>100</VisibilityRange>
			<Length>95</Length>
		</Unit>
		<Unit>
			<Position>
				<x>1022</x>
				<y>64</y>
			</Position>
			<Type>&quot;Laser&quot;</Type>
			<Id>&quot;LaserYellow1&quot;</Id>
			<Active>&quot;true&quot;</Active>
			<Rotation>0</Rotation>
			<Color>&quot;Yellow&quot;</Color>
			<VisibilityRange>100</VisibilityRange>
			<Length>220</Length>
		</Unit>
		<Unit>
			<Position>
				<x>640</x>
				<y>688</y>
			</Position>
			<Type>&quot;Laser&quot;</Type>
			<Id>&quot;LaserYellow2&quot;</Id>
			<Active>&quot;true&quot;</Active>
			<Rotation>270</Rotation>
			<Color>&quot;Yellow&quot;</Color>
			<VisibilityRange>100</VisibilityRange>
			<Length>576</Length>
		</Unit>
		<Unit>
			<Type>&quot;Platform&quot;</Type>
			<SpriteName>&quot;TileL2b&quot;</SpriteName>
			<Position>
				<x>64</x>
				<y>512</y>
			</Position>
		</Unit>
		<Unit>
			<Type>&quot;Platform&quot;</Type>
			<SpriteName>&quot;TileL2b&quot;</SpriteName>
			<Position>
				<x>416</x>
				<y>512</y>
			</Position>
		</Unit>
		<Unit>
			<Type>&quot;Platform&quot;</Type>
			<SpriteName>&quot;TileL2c&quot;</SpriteName>
			<Position>
				<x>576</x>
				<y>512</y>
			</Position>
		</Unit>
		<Unit>
			<Type>&quot;Platform&quot;</Type>
			<SpriteName>&quot;TileL2e&quot;</SpriteName>
			<Position>
				<x>576</x>
				<y>576</y>
			</Position>
		</Unit>
		<Unit>
			<Type>&quot;Platform&quot;</Type>
			<SpriteName>&quot;TileL2g&quot;</SpriteName>
			<Position>
				<x>576</x>
				<y>640</y>
			</Position>
		</Unit>
		<Unit>
			<Type>&quot;Platform&quot;</Type>
			<SpriteName>&quot;TileL2i&quot;</SpriteName>
			<Position>
				<x>576</x>
				<y>704</y>
			</Position>
		</Unit>
		<Unit>
			<Type>&quot;Platform&quot;</Type>
			<SpriteName>&quot;TileL2k&quot;</SpriteName>
			<Position>
				<x>640</x>
				<y>704</y>
			</Position>
		</Unit>
		<Unit>
			<Type>&quot;Platform&quot;</Type>
			<SpriteName>&quot;TileL2m&quot;</SpriteName>
			<Position>
				<x>704</x>
				<y>704</y>
			</Position>
		</Unit>
		<Unit>
			<Type>&quot;Platform&quot;</Type>
			<SpriteName>&quot;TileL2k&quot;</SpriteName>
			<Position>
				<x>768</x>
				<y>704</y>
			</Position>
		</Unit>
		<Unit>
			<Type>&quot;Platform&quot;</Type>
			<SpriteName>&quot;TileL2k&quot;</SpriteName>
			<Position>
				<x>832</x>
				<y>704</y>
			</Position>
		</Unit>
		<Unit>
			<Type>&quot;Platform&quot;</Type>
			<SpriteName>&quot;TileL2p&quot;</SpriteName>
			<Position>
				<x>896</x>
				<y>704</y>
			</Position>
		</Unit>
		<Unit>
			<Type>&quot;Platform&quot;</Type>
			<SpriteName>&quot;TileL2l&quot;</SpriteName>
			<Position>
				<x>960</x>
				<y>704</y>
			</Position>
		</Unit>
		<Unit>
			<Type>&quot;Platform&quot;</Type>
			<SpriteName>&quot;TileL2k&quot;</SpriteName>
			<Position>
				<x>1024</x>
				<y>704</y>
			</Position>
		</Unit>
		<Unit>
			<Type>&quot;Platform&quot;</Type>
			<SpriteName>&quot;TileL2n&quot;</SpriteName>
			<Position>
				<x>1088</x>
				<y>704</y>
			</Position>
		</Unit>
		<Unit>
			<Type>&quot;Platform&quot;</Type>
			<SpriteName>&quot;TileL2l&quot;</SpriteName>
			<Position>
				<x>1152</x>
				<y>704</y>
			</Position>
		</Unit>
		<Unit>
			<Type>&quot;Platform&quot;</Type>
			<SpriteName>&quot;TileL2q&quot;</SpriteName>
			<Position>
				<x>832</x>
				<y>384</y>
			</Position>
		</Unit>
		<Unit>
			<Type>&quot;Platform&quot;</Type>
			<SpriteName>&quot;TileL2q&quot;</SpriteName>
			<Position>
				<x>992</x>
				<y>512</y>
			</Position>
		</Unit>
		<Unit>
			<Type>&quot;Platform&quot;</Type>
			<SpriteName>&quot;TileL2b&quot;</SpriteName>
			<Position>
				<x>1120</x>
				<y>96</y>
			</Position>
		</Unit>
		<Unit>
			<Type>&quot;Platform&quot;</Type>
			<SpriteName>&quot;TileL2j&quot;</SpriteName>
			<Position>
				<x>640</x>
				<y>96</y>
			</Position>
		</Unit>
		<Unit>
			<Type>&quot;Platform&quot;</Type>
			<SpriteName>&quot;TileL2Sa&quot;</SpriteName>
			<Position>
				<x>800</x>
				<y>640</y>
			</Position>
		</Unit>
		<Unit>
			<Type>&quot;Platform&quot;</Type>
			<SpriteName>&quot;TileL2Sb&quot;</SpriteName>
			<Position>
				<x>736</x>
				<y>544</y>
			</Position>
		</Unit>
		<Unit>
			<Type>&quot;Platform&quot;</Type>
			<SpriteName>&quot;TileL2Wideb&quot;</SpriteName>
			<Position>
				<x>544</x>
				<y>448</y>
			</Position>
		</Unit>
		<Unit>
			<Type>&quot;Platform&quot;</Type>
			<SpriteName>&quot;TileL2Widec&quot;</SpriteName>
			<Position>
				<x>608</x>
				<y>448</y>
			</Position>
		</Unit>
		<Unit>
			<Type>&quot;Platform&quot;</Type>
			<SpriteName>&quot;TileL2Widea&quot;</SpriteName>
			<Position>
				<x>576</x>
				<y>480</y>
			</Position>
		</Unit>
		<Unit>
			<Type>&quot;Platform&quot;</Type>
			<SpriteName>&quot;TileL2Wided&quot;</SpriteName>
			<Position>
				<x>672</x>
				<y>544</y>
			</Position>
		</Unit>
		<Unit>
			<Type>&quot;Platform&quot;</Type>
			<SpriteName>&quot;TileL2Wided&quot;</SpriteName>
			<Position>
				<x>736</x>
				<y>640</y>
			</Position>
		</Unit>
		<Unit>
			<Type>&quot;Platform&quot;</Type>
			<SpriteName>&quot;TileL2Wideh&quot;</SpriteName>
			<Position>
				<x>832</x>
				<y>640</y>
			</Position>
		</Unit>
		<Unit>
			<Type>&quot;Platform&quot;</Type>
			<SpriteName>&quot;TileL2Wideg&quot;</SpriteName>
			<Position>
				<x>640</x>
				<y>160</y>
			</Position>
		</Unit>
		<Unit>
			<Type>&quot;Platform&quot;</Type>
			<SpriteName>&quot;TileL2Wideh&quot;</SpriteName>
			<Position>
				<x>704</x>
				<y>160</y>
			</Position>
		</Unit>
		<Unit>
			<Type>&quot;Platform&quot;</Type>
			<SpriteName>&quot;TileL2Widem&quot;</SpriteName>
			<Position>
				<x>992</x>
				<y>640</y>
			</Position>
		</Unit>
		<Unit>
			<Type>&quot;Platform&quot;</Type>
			<SpriteName>&quot;TileL2Widee&quot;</SpriteName>
			<Position>
				<x>1056</x>
				<y>640</y>
			</Position>
		</Unit>
		<Unit>
			<Type>&quot;Platform&quot;</Type>
			<SpriteName>&quot;TileL2Widef&quot;</SpriteName>
			<Position>
				<x>1120</x>
				<y>640</y>
			</Position>
		</Unit>
		<Unit>
			<Type>&quot;Platform&quot;</Type>
			<SpriteName>&quot;TileL2Widej&quot;</SpriteName>
			<Position>
				<x>1152</x>
				<y>576</y>
			</Position>
		</Unit>
		<Unit>
			<Type>&quot;Platform&quot;</Type>
			<SpriteName>&quot;TileL2Widek&quot;</SpriteName>
			<Position>
				<x>1152</x>
				<y>448</y>
			</Position>
		</Unit>
		<Unit>
			<Type>&quot;Platform&quot;</Type>
			<SpriteName>&quot;TileL2Widel&quot;</SpriteName>
			<Position>
				<x>992</x>
				<y>288</y>
			</Position>
		</Unit>
		<Unit>
			<Type>&quot;Platform&quot;</Type>
			<SpriteName>&quot;TileL2Widee&quot;</SpriteName>
			<Position>
				<x>1056</x>
				<y>288</y>
			</Position>
		</Unit>
		<Unit>
			<Type>&quot;Platform&quot;</Type>
			<SpriteName>&quot;TileL2Widef&quot;</SpriteName>
			<Position>
				<x>1120</x>
				<y>288</y>
			</Position>
		</Unit>
		<Unit>
			<Type>&quot;Platform&quot;</Type>
			<SpriteName>&quot;BolconyMiddle&quot;</SpriteName>
			<Position>
				<x>64</x>
				<y>224</y>
			</Position>
		</Unit>
		<Unit>
			<Type>&quot;Platform&quot;</Type>
			<SpriteName>&quot;BolconyMiddle&quot;</SpriteName>
			<Position>
				<x>128</x>
				<y>224</y>
			</Position>
		</Unit>
		<Unit>
			<Type>&quot;Platform&quot;</Type>
			<SpriteName>&quot;BolconyMiddle&quot;</SpriteName>
			<Position>
				<x>192</x>
				<y>224</y>
			</Position>
		</Unit>
		<Unit>
			<Type>&quot;Platform&quot;</Type>
			<SpriteName>&quot;BolconyCornerR&quot;</SpriteName>
			<Position>
				<x>256</x>
				<y>224</y>
			</Position>
		</Unit>
		<Unit>
			<Type>&quot;Rail&quot;</Type>
			<SpriteName>&quot;RailMiddle&quot;</SpriteName>
			<Position>
				<x>64</x>
				<y>192</y>
			</Position>
			<Solid>&quot;false&quot;</Solid>
		</Unit>
		<Unit>
			<Type>&quot;Rail&quot;</Type>
			<SpriteName>&quot;RailMiddle&quot;</SpriteName>
			<Position>
				<x>128</x>
				<y>192</y>
			</Position>
			<Solid>&quot;false&quot;</Solid>
		</Unit>
		<Unit>
			<Type>&quot;Rail&quot;</Type>
			<SpriteName>&quot;RailMiddle&quot;</SpriteName>
			<Position>
				<x>192</x>
				<y>192</y>
			</Position>
			<Solid>&quot;false&quot;</Solid>
		</Unit>
		<Unit>
			<Type>&quot;Rail&quot;</Type>
			<SpriteName>&quot;RailEndR&quot;</SpriteName>
			<Position>
				<x>256</x>
				<y>192</y>
			</Position>
			<Solid>&quot;false&quot;</Solid>
		</Unit>
		<Unit>
			<Type>&quot;Door&quot;</Type>
			<SpriteName>&quot;Exit&quot;</SpriteName>
			<Position>
				<x>1056</x>
				<y>160</y>
			</Position>
			<Size>
				<x>1056</x>
				<y>160</y>
			</Size>
			<Offset>
				<x>32</x>
				<y>0</y>
			</Offset>
			<Behind>true</Behind>
			<Solid>&quot;false&quot;</Solid>
		</Unit>
		<Unit>
			<Type>&quot;Lava&quot;</Type>
			<SpriteName>&quot;LavaMiddle&quot;</SpriteName>
			<Speed>180</Speed>
			<Frames>8</Frames>
			<Position>
				<x>64</x>
				<y>704</y>
			</Position>
			<Solid>&quot;true&quot;</Solid>
		</Unit>
		<Unit>
			<Type>&quot;Lava&quot;</Type>
			<SpriteName>&quot;LavaMiddle&quot;</SpriteName>
			<Speed>180</Speed>
			<Frames>8</Frames>
			<Position>
				<x>128</x>
				<y>704</y>
			</Position>
			<Solid>&quot;true&quot;</Solid>
		</Unit>
		<Unit>
			<Type>&quot;Lava&quot;</Type>
			<SpriteName>&quot;LavaMiddle&quot;</SpriteName>
			<Speed>180</Speed>
			<Frames>8</Frames>
			<Position>
				<x>192</x>
				<y>704</y>
			</Position>
			<Solid>&quot;true&quot;</Solid>
		</Unit>
		<Unit>
			<Type>&quot;Lava&quot;</Type>
			<SpriteName>&quot;LavaMiddle&quot;</SpriteName>
			<Speed>180</Speed>
			<Frames>8</Frames>
			<Position>
				<x>256</x>
				<y>704</y>
			</Position>
			<Solid>&quot;true&quot;</Solid>
		</Unit>
		<Unit>
			<Type>&quot;Lava&quot;</Type>
			<SpriteName>&quot;LavaMiddle&quot;</SpriteName>
			<Speed>180</Speed>
			<Frames>8</Frames>
			<Position>
				<x>320</x>
				<y>704</y>
			</Position>
			<Solid>&quot;true&quot;</Solid>
		</Unit>
		<Unit>
			<Type>&quot;Lava&quot;</Type>
			<SpriteName>&quot;LavaMiddle&quot;</SpriteName>
			<Speed>180</Speed>
			<Frames>8</Frames>
			<Position>
				<x>384</x>
				<y>704</y>
			</Position>
			<Solid>&quot;true&quot;</Solid>
		</Unit>
		<Unit>
			<Type>&quot;Lava&quot;</Type>
			<SpriteName>&quot;LavaMiddle&quot;</SpriteName>
			<Speed>180</Speed>
			<Frames>8</Frames>
			<Position>
				<x>448</x>
				<y>704</y>
			</Position>
			<Solid>&quot;true&quot;</Solid>
		</Unit>
		<Unit>
			<Type>&quot;Ram&quot;</Type>
			<SpriteName>&quot;RamTop1&quot;</SpriteName>
			<Position>
				<x>0</x>
				<y>0</y>
			</Position>
			<Solid>&quot;true&quot;</Solid>
		</Unit>
		<Unit>
			<Type>&quot;Ram&quot;</Type>
			<SpriteName>&quot;RamTop2&quot;</SpriteName>
			<Position>
				<x>640</x>
				<y>0</y>
			</Position>
			<Solid>&quot;true&quot;</Solid>
		</Unit>
		<Unit>
			<Type>&quot;Ram&quot;</Type>
			<SpriteName>&quot;RamPipeLeftWOPipe1&quot;</SpriteName>
			<Position>
				<x>0</x>
				<y>0</y>
			</Position>
			<Solid>&quot;true&quot;</Solid>
		</Unit>
		<Unit>
			<Type>&quot;Ram&quot;</Type>
			<SpriteName>&quot;RamRight2&quot;</SpriteName>
			<Position>
				<x>1216</x>
				<y>64</y>
			</Position>
			<Solid>&quot;true&quot;</Solid>
		</Unit>
		<Unit>
			<Type>&quot;LaserDeactivator&quot;</Type>
			<Position>
				<x>728</x>
				<y>152</y>
			</Position>
			<SpriteName>&quot;YellowButtonAni&quot;</SpriteName>
			<Id>&quot;LaserTriggerYellow&quot;</Id>
			<Rotation>0</Rotation>
			<Target>&quot;LaserYellow2&quot;</Target>
			<Sound>&quot;&quot;</Sound>
		</Unit>
		<Unit>
			<Type>&quot;LaserDeactivator&quot;</Type>
			<Position>
				<x>728</x>
				<y>152</y>
			</Position>
			<SpriteName>&quot;YellowButtonAni&quot;</SpriteName>
			<Id>&quot;LaserTriggerYellow&quot;</Id>
			<Rotation>0</Rotation>
			<Target>&quot;LaserYellow1&quot;</Target>
			<Sound>&quot;&quot;</Sound>
		</Unit>
		<Unit>
			<Type>&quot;LaserDeactivator&quot;</Type>
			<Position>
				<x>984</x>
				<y>550</y>
			</Position>
			<SpriteName>&quot;BlueButtonAni&quot;</SpriteName>
			<Id>&quot;LaserTriggerBlue&quot;</Id>
			<Rotation>270</Rotation>
			<Target>&quot;LaserBlue1&quot;</Target>
			<Sound>&quot;&quot;</Sound>
		</Unit>
		<Unit>
			<Type>&quot;LaserDeactivator&quot;</Type>
			<Position>
				<x>984</x>
				<y>550</y>
			</Position>
			<SpriteName>&quot;BlueButtonAni&quot;</SpriteName>
			<Id>&quot;LaserTriggerBlue&quot;</Id>
			<Rotation>270</Rotation>
			<Target>&quot;LaserBlue2&quot;</Target>
			<Sound>&quot;&quot;</Sound>
		</Unit>
		<Unit>
			<Type>&quot;LaserDeactivator&quot;</Type>
			<Position>
				<x>920</x>
				<y>72</y>
			</Position>
			<SpriteName>&quot;RedButtonAni&quot;</SpriteName>
			<Id>&quot;LaserTriggerRed&quot;</Id>
			<Rotation>180</Rotation>
			<Target>&quot;LaserRed1&quot;</Target>
			<Sound>&quot;&quot;</Sound>
		</Unit>
		<Unit>
			<Type>&quot;LaserDeactivator&quot;</Type>
			<Position>
				<x>920</x>
				<y>72</y>
			</Position>
			<SpriteName>&quot;RedButtonAni&quot;</SpriteName>
			<Id>&quot;LaserTriggerRed&quot;</Id>
			<Rotation>180</Rotation>
			<Target>&quot;LaserRed2&quot;</Target>
			<Sound>&quot;&quot;</Sound>
		</Unit>
		<Unit>
			<Type>&quot;LaserDeactivator&quot;</Type>
			<Position>
				<x>920</x>
				<y>72</y>
			</Position>
			<SpriteName>&quot;RedButtonAni&quot;</SpriteName>
			<Id>&quot;LaserTriggerRed&quot;</Id>
			<Rotation>180</Rotation>
			<Target>&quot;LaserRed3&quot;</Target>
			<Sound>&quot;&quot;</Sound>
		</Unit>
		<Unit>
			<Type>&quot;Checkpoint&quot;</Type>
			<Position>
				<x>577</x>
				<y>384</y>
			</Position>
			<SpriteName>&quot;CheckpointOff&quot;</SpriteName>
		</Unit>
	</Objects>
</Level>

