<?xml version="1.0" encoding="utf-8"?>
<Level>
  <Name>"Bana2"</Name>
  <Backgrounds>
    <Background>
      <Frames>1</Frames>
      <Speed>120</Speed>
      <SpriteName>"BackgroundBana2"</SpriteName>
      <Position>
        <x>0</x>
        <y>0</y>
      </Position>
    </Background>
  </Backgrounds>

  <Objects>
    <Unit>
      <Type>"Player"</Type>
      <Position>
        <x>64</x>
        <y>384</y>
      </Position>
      <Size>
        <x>64</x>
        <y>64</y>
      </Size>
    </Unit>

    <Unit>
      <Type>"Meanix"</Type>
      <SpriteName>"MeanixAni"</SpriteName>
      <SpriteName2>"MeanixAniL"</SpriteName2>
      <Frames>8</Frames>
      <Speed>100</Speed>
      <Position>
        <x>160</x>
        <y>96</y>
      </Position>
      <Size>
        <x>64</x>
        <y>64</y>
      </Size>
    </Unit>

    <Unit>
      <Type>Checkpoint</Type>
      <SpriteName>CheckpointAnim</SpriteName>
      <Position>
        <x>576</x>
        <y>384</y>
      </Position>
      <Size>
        <x>40</x>
        <y>58</y>
      </Size>
      <Offset>
        <x>12</x>
        <y>6</y>
      </Offset>
    </Unit>

    <Unit>
      <Type>"Laser"</Type>
      <Position>
        <x>304</x>
        <y>192</y>
      </Position>
      <Id>"LaserRedMeanix"</Id>
      <Active>true</Active>
      <Length>150</Length>
      <Rotation>180</Rotation>
      <Color>"Red"</Color>
      <VisibilityRange>100</VisibilityRange>
    </Unit>

    <Unit>
      <Type>"Laser"</Type>
      <Position>
        <x>704</x>
        <y>126</y>
      </Position>
      <Id>"LaserBlue1"</Id>
      <Active>true</Active>
      <Length>418</Length>
      <Rotation>270</Rotation>
      <Color>"Blue"</Color>
      <VisibilityRange>100</VisibilityRange>
    </Unit>
    <Unit>
      <Type>"Laser"</Type>
      <Position>
        <x>1022</x>
        <y>576</y>
      </Position>
      <Id>"LaserBlue2"</Id>
      <Active>true</Active>
      <Length>64</Length>
      <Rotation>0</Rotation>
      <Color>"Blue"</Color>
      <VisibilityRange>100</VisibilityRange>
    </Unit>
    <Unit>
      <Type>"Laser"</Type>
      <Position>
        <x>862</x>
        <y>64</y>
      </Position>
      <Id>"LaserRed1"</Id>
      <Active>true</Active>
      <Length>316</Length>
      <Rotation>0</Rotation>
      <Color>"Red"</Color>
      <VisibilityRange>100</VisibilityRange>
    </Unit>
    <Unit>
      <Type>"Laser"</Type>
      <Position>
        <x>862</x>
        <y>448</y>
      </Position>
      <Id>"LaserRed2"</Id>
      <Active>true</Active>
      <Length>190</Length>
      <Rotation>0</Rotation>
      <Color>"Red"</Color>
      <VisibilityRange>100</VisibilityRange>
    </Unit>
    <Unit>
      <Type>"Laser"</Type>
      <Position>
        <x>896</x>
        <y>654</y>
      </Position>
      <Id>"LaserRed3"</Id>
      <Active>true</Active>
      <Length>95</Length>
      <Rotation>270</Rotation>
      <Color>"Red"</Color>
      <VisibilityRange>100</VisibilityRange>
    </Unit>
    <Unit>
      <Type>"Laser"</Type>
      <Position>
        <x>1022</x>
        <y>64</y>
      </Position>
      <Id>"LaserYellow1"</Id>
      <Active>true</Active>
      <Length>220</Length>
      <Rotation>0</Rotation>
      <Color>"Yellow"</Color>
      <VisibilityRange>100</VisibilityRange>
    </Unit>
    <Unit>
      <Type>"Laser"</Type>
      <Position>
        <x>640</x>
        <y>688</y>
      </Position>
      <Id>"LaserYellow2"</Id>
      <Active>true</Active>
      <Length>576</Length>
      <Rotation>270</Rotation>
      <Color>"Yellow"</Color>
      <VisibilityRange>100</VisibilityRange>
    </Unit>

    <Unit>
      <Type>"Platform"</Type>
      <SpriteName>"TileL2b"</SpriteName>
      <Position>
        <x>64</x>
        <y>512</y>
      </Position>
    </Unit>
    <Unit>
      <Type>"Platform"</Type>
      <SpriteName>"TileL2b"</SpriteName>
      <Position>
        <x>416</x>
        <y>512</y>
      </Position>
    </Unit>
    <Unit>
      <Type>"Platform"</Type>
      <SpriteName>"TileL2c"</SpriteName>
      <Position>
        <x>576</x>
        <y>512</y>
      </Position>
    </Unit>
    <Unit>
      <Type>"Platform"</Type>
      <SpriteName>"TileL2e"</SpriteName>
      <Position>
        <x>576</x>
        <y>576</y>
      </Position>
    </Unit>
    <Unit>
      <Type>"Platform"</Type>
      <SpriteName>"TileL2g"</SpriteName>
      <Position>
        <x>576</x>
        <y>640</y>
      </Position>
    </Unit>
    <Unit>
      <Type>"Platform"</Type>
      <SpriteName>"TileL2i"</SpriteName>
      <Position>
        <x>576</x>
        <y>704</y>
      </Position>
    </Unit>
    <Unit>
      <Type>"Platform"</Type>
      <SpriteName>"TileL2k"</SpriteName>
      <Position>
        <x>640</x>
        <y>704</y>
      </Position>
    </Unit>
    <Unit>
      <Type>"Platform"</Type>
      <SpriteName>"TileL2m"</SpriteName>
      <Position>
        <x>704</x>
        <y>704</y>
      </Position>
    </Unit>
    <Unit>
      <Type>"Platform"</Type>
      <SpriteName>"TileL2k"</SpriteName>
      <Position>
        <x>768</x>
        <y>704</y>
      </Position>
    </Unit>
    <Unit>
      <Type>"Platform"</Type>
      <SpriteName>"TileL2k"</SpriteName>
      <Position>
        <x>832</x>
        <y>704</y>
      </Position>
    </Unit>
    <Unit>
      <Type>"Platform"</Type>
      <SpriteName>"TileL2p"</SpriteName>
      <Position>
        <x>896</x>
        <y>704</y>
      </Position>
    </Unit>
    <Unit>
      <Type>"Platform"</Type>
      <SpriteName>"TileL2l"</SpriteName>
      <Position>
        <x>960</x>
        <y>704</y>
      </Position>
    </Unit>
    <Unit>
      <Type>"Platform"</Type>
      <SpriteName>"TileL2k"</SpriteName>
      <Position>
        <x>1024</x>
        <y>704</y>
      </Position>
    </Unit>
    <Unit>
      <Type>"Platform"</Type>
      <SpriteName>"TileL2n"</SpriteName>
      <Position>
        <x>1088</x>
        <y>704</y>
      </Position>
    </Unit>
    <Unit>
      <Type>"Platform"</Type>
      <SpriteName>"TileL2l"</SpriteName>
      <Position>
        <x>1152</x>
        <y>704</y>
      </Position>
    </Unit>
    <!--<Unit>
      <Type>"Platform"</Type>
      <SpriteName>"Tile1"</SpriteName>
      <Position>
        <x>1216</x>
        <y>704</y>
      </Position>
      <Size>
        <x>64</x>
        <y>64</y>
      </Size>
    </Unit>-->
    <Unit>
      <Type>"Platform"</Type>
      <SpriteName>"TileL2q"</SpriteName>
      <Position>
        <x>832</x>
        <y>384</y>
      </Position>
    </Unit>
    <Unit>
      <Type>"Platform"</Type>
      <SpriteName>"TileL2q"</SpriteName>
      <Position>
        <x>992</x>
        <y>512</y>
      </Position>
    </Unit>
    <Unit>
      <Type>"Platform"</Type>
      <SpriteName>"TileL2b"</SpriteName>
      <Position>
        <x>1120</x>
        <y>96</y>
      </Position>
    </Unit>
    <Unit>
      <Type>"Platform"</Type>
      <SpriteName>"TileL2j"</SpriteName>
      <Position>
        <x>640</x>
        <y>96</y>
      </Position>
    </Unit>
    
    <Unit>
      <Type>"Platform"</Type>
      <SpriteName>"TileL2Sa"</SpriteName>
      <Position>
        <x>800</x>
        <y>640</y>
      </Position>
    </Unit>
    <Unit>
      <Type>"Platform"</Type>
      <SpriteName>"TileL2Sb"</SpriteName>
      <Position>
        <x>736</x>
        <y>544</y>
      </Position>
    </Unit>

    <Unit>
      <Type>"Platform"</Type>
      <SpriteName>"TileL2Wideb"</SpriteName>
      <Position>
        <x>544</x>
        <y>448</y>
      </Position>
    </Unit>
    <Unit>
      <Type>"Platform"</Type>
      <SpriteName>"TileL2Widec"</SpriteName>
      <Position>
        <x>608</x>
        <y>448</y>
      </Position>
    </Unit>
    <Unit>
      <Type>"Platform"</Type>
      <SpriteName>"TileL2Widea"</SpriteName>
      <Position>
        <x>576</x>
        <y>480</y>
      </Position>
    </Unit>
    <Unit>
      <Type>"Platform"</Type>
      <SpriteName>"TileL2Wided"</SpriteName>
      <Position>
        <x>672</x>
        <y>544</y>
      </Position>
    </Unit>
    <Unit>
      <Type>"Platform"</Type>
      <SpriteName>"TileL2Wided"</SpriteName>
      <Position>
        <x>736</x>
        <y>640</y>
      </Position>
    </Unit>
    <Unit>
      <Type>"Platform"</Type>
      <SpriteName>"TileL2Wideh"</SpriteName>
      <Position>
        <x>832</x>
        <y>640</y>
      </Position>
    </Unit>
    <Unit>
      <Type>"Platform"</Type>
      <SpriteName>"TileL2Wideg"</SpriteName>
      <Position>
        <x>640</x>
        <y>160</y>
      </Position>
    </Unit>
    <Unit>
      <Type>"Platform"</Type>
      <SpriteName>"TileL2Wideh"</SpriteName>
      <Position>
        <x>704</x>
        <y>160</y>
      </Position>
    </Unit>
    <Unit>
      <Type>"Platform"</Type>
      <SpriteName>"TileL2Widem"</SpriteName>
      <Position>
        <x>992</x>
        <y>640</y>
      </Position>
    </Unit>
    <Unit>
      <Type>"Platform"</Type>
      <SpriteName>"TileL2Widee"</SpriteName>
      <Position>
        <x>1056</x>
        <y>640</y>
      </Position>
    </Unit>
    <Unit>
      <Type>"Platform"</Type>
      <SpriteName>"TileL2Widef"</SpriteName>
      <Position>
        <x>1120</x>
        <y>640</y>
      </Position>
    </Unit>
    <Unit>
      <Type>"Platform"</Type>
      <SpriteName>"TileL2Widej"</SpriteName>
      <Position>
        <x>1152</x>
        <y>576</y>
      </Position>
    </Unit>
    <Unit>
      <Type>"Platform"</Type>
      <SpriteName>"TileL2Widek"</SpriteName>
      <Position>
        <x>1152</x>
        <y>448</y>
      </Position>
    </Unit>
    <Unit>
      <Type>"Platform"</Type>
      <SpriteName>"TileL2Widel"</SpriteName>
      <Position>
        <x>992</x>
        <y>288</y>
      </Position>
    </Unit>
    <Unit>
      <Type>"Platform"</Type>
      <SpriteName>"TileL2Widee"</SpriteName>
      <Position>
        <x>1056</x>
        <y>288</y>
      </Position>
    </Unit>
    <Unit>
      <Type>"Platform"</Type>
      <SpriteName>"TileL2Widef"</SpriteName>
      <Position>
        <x>1120</x>
        <y>288</y>
      </Position>
    </Unit>

    <Unit>
      <Type>"Platform"</Type>
      <SpriteName>"BolconyMiddle"</SpriteName>
      <Position>
        <x>64</x>
        <y>224</y>
      </Position>
    </Unit>
    <Unit>
      <Type>"Platform"</Type>
      <SpriteName>"BolconyMiddle"</SpriteName>
      <Position>
        <x>128</x>
        <y>224</y>
      </Position>
    </Unit>
    <Unit>
      <Type>"Platform"</Type>
      <SpriteName>"BolconyMiddle"</SpriteName>
      <Position>
        <x>192</x>
        <y>224</y>
      </Position>
    </Unit>
    <Unit>
      <Type>"Platform"</Type>
      <SpriteName>"BolconyCornerR"</SpriteName>
      <Position>
        <x>256</x>
        <y>224</y>
      </Position>
    </Unit>

    <Unit>
      <Type>"Rail"</Type>
      <SpriteName>"RailMiddle"</SpriteName>
      <Position>
        <x>64</x>
        <y>192</y>
      </Position>
      <Solid>false</Solid>
    </Unit>
    <Unit>
      <Type>"Rail"</Type>
      <SpriteName>"RailMiddle"</SpriteName>
      <Position>
        <x>128</x>
        <y>192</y>
      </Position>
      <Solid>false</Solid>
    </Unit>
    <Unit>
      <Type>"Rail"</Type>
      <SpriteName>"RailMiddle"</SpriteName>
      <Position>
        <x>192</x>
        <y>192</y>
      </Position>
      <Solid>false</Solid>
    </Unit>
    <Unit>
      <Type>"Rail"</Type>
      <SpriteName>"RailEndR"</SpriteName>
      <Position>
        <x>256</x>
        <y>192</y>
      </Position>
      <Solid>false</Solid>
    </Unit>

    <Unit>
      <Type>"Door"</Type>
      <SpriteName>"Exit"</SpriteName>
      <Position>
        <x>1056</x>
        <y>160</y>
      </Position>
      <Size>
        <x>32</x>
        <y>96</y>
      </Size>
      <Offset>
        <x>32</x>
        <y>0</y>
      </Offset>
      <Behind>true</Behind>
      <Solid>false</Solid>
      <Behind>true</Behind>
    </Unit>

    <Unit>
      <Type>"Lava"</Type>
      <SpriteName>"LavaMiddle"</SpriteName>
      <Frames>8</Frames>
      <Speed>180</Speed>
      <Position>
        <x>64</x>
        <y>704</y>
      </Position>
    </Unit>
    <Unit>
      <Type>"Lava"</Type>
      <SpriteName>"LavaMiddle"</SpriteName>
      <Frames>8</Frames>
      <Speed>180</Speed>
      <Position>
        <x>128</x>
        <y>704</y>
      </Position>
    </Unit>
    <Unit>
      <Type>"Lava"</Type>
      <SpriteName>"LavaMiddle"</SpriteName>
      <Frames>8</Frames>
      <Speed>180</Speed>
      <Position>
        <x>192</x>
        <y>704</y>
      </Position>
    </Unit>
    <Unit>
      <Type>"Lava"</Type>
      <SpriteName>"LavaMiddle"</SpriteName>
      <Frames>8</Frames>
      <Speed>180</Speed>
      <Position>
        <x>256</x>
        <y>704</y>
      </Position>
    </Unit>
    <Unit>
      <Type>"Lava"</Type>
      <SpriteName>"LavaMiddle"</SpriteName>
      <Frames>8</Frames>
      <Speed>180</Speed>
      <Position>
        <x>320</x>
        <y>704</y>
      </Position>
    </Unit>
    <Unit>
      <Type>"Lava"</Type>
      <SpriteName>"LavaMiddle"</SpriteName>
      <Frames>8</Frames>
      <Speed>180</Speed>
      <Position>
        <x>384</x>
        <y>704</y>
      </Position>
    </Unit>
    <Unit>
      <Type>"Lava"</Type>
      <SpriteName>"LavaMiddle"</SpriteName>
      <Frames>8</Frames>
      <Speed>180</Speed>
      <Position>
        <x>448</x>
        <y>704</y>
      </Position>
    </Unit>

    <Unit>
      <Type>"Ram"</Type>
      <SpriteName>"RamTop1"</SpriteName>
      <Position>
        <x>0</x>
        <y>0</y>
      </Position>
    </Unit>
    <Unit>
      <Type>"Ram"</Type>
      <SpriteName>"RamTop2"</SpriteName>
      <Position>
        <x>640</x>
        <y>0</y>
      </Position>
    </Unit>
    <Unit>
      <Type>"Ram"</Type>
      <SpriteName>"RamPipeLeftWOPipe1"</SpriteName>
      <Position>
        <x>0</x>
        <y>0</y>
      </Position>
    </Unit>
    <Unit>
      <Type>"Ram"</Type>
      <SpriteName>"RamRight2"</SpriteName>
      <Position>
        <x>1216</x>
        <y>64</y>
      </Position>
    </Unit>
    
    <Unit>
      <Type>"LaserDeactivator"</Type>
      <Position>
        <x>728</x>
        <y>152</y>
      </Position>
      <SpriteName>"YellowButtonAni"</SpriteName>
      <Id>"LaserTriggerYellow"</Id>
      <Target>"LaserYellow2"</Target>
      <Rotation>0</Rotation>
    </Unit>
    <Unit>
      <Type>"LaserDeactivator"</Type>
      <Position>
        <x>728</x>
        <y>152</y>
      </Position>
      <SpriteName>"YellowButtonAni"</SpriteName>
      <Id>"LaserTriggerYellow"</Id>
      <Target>"LaserYellow1"</Target>
      <Rotation>0</Rotation>
    </Unit>
    <Unit>
      <Type>"LaserDeactivator"</Type>
      <Position>
        <x>984</x>
        <y>550</y>
      </Position>
      <SpriteName>"BlueButtonAni"</SpriteName>
      <Id>"LaserTriggerBlue"</Id>
      <Target>"LaserBlue1"</Target>
      <Rotation>270</Rotation>
    </Unit>
    <Unit>
      <Type>"LaserDeactivator"</Type>
      <Position>
        <x>984</x>
        <y>550</y>
      </Position>
      <SpriteName>"BlueButtonAni"</SpriteName>
      <Id>"LaserTriggerBlue"</Id>
      <Target>"LaserBlue2"</Target>
      <Rotation>270</Rotation>
    </Unit>
    <Unit>
      <Type>"LaserDeactivator"</Type>
      <Position>
        <x>920</x>
        <y>56</y>
      </Position>
      <SpriteName>"RedButtonAni"</SpriteName>
      <Id>"LaserTriggerRed"</Id>
      <Target>"LaserRed1"</Target>
      <Rotation>180</Rotation>
    </Unit>
    <Unit>
      <Type>"LaserDeactivator"</Type>
      <Position>
        <x>920</x>
        <y>56</y>
      </Position>
      <SpriteName>"RedButtonAni"</SpriteName>
      <Id>"LaserTriggerRed"</Id>
      <Target>"LaserRed2"</Target>
      <Rotation>180</Rotation>
    </Unit>
    <Unit>
      <Type>"LaserDeactivator"</Type>
      <Position>
        <x>920</x>
        <y>56</y>
      </Position>
      <SpriteName>"RedButtonAni"</SpriteName>
      <Id>"LaserTriggerRed"</Id>
      <Target>"LaserRed3"</Target>
      <Rotation>180</Rotation>
    </Unit>
  </Objects>
</Level>