<?xml version="1.0"?>
<Level>
	<Name>&quot;Test Bana&quot;</Name>
	<Backgrounds>
		<Background>
			<SpriteName>&quot;BackgroundR&quot;</SpriteName>
			<Frames>1</Frames>
			<Speed>120</Speed>
			<Position>
				<x>0</x>
				<y>0</y>
			</Position>
		</Background>
	</Backgrounds>
	<Objects>
		<Unit>
			<Type>&quot;Player&quot;</Type>
			<Position>
				<x>197</x>
				<y>319</y>
			</Position>
		</Unit>
		<Unit>
			<Position>
				<x>2272</x>
				<y>576</y>
			</Position>
			<Type>&quot;Laser&quot;</Type>
			<Id>&quot;LaserBlue1&quot;</Id>
			<Active>&quot;true&quot;</Active>
			<Rotation>0</Rotation>
			<Color>&quot;Blue&quot;</Color>
			<VisibilityRange>100</VisibilityRange>
			<Length>128</Length>
		</Unit>
		<Unit>
			<Type>&quot;Platform&quot;</Type>
			<SpriteName>&quot;TileL6Ap&quot;</SpriteName>
			<Position>
				<x>2176</x>
				<y>768</y>
			</Position>
			<Size>
				<x>64</x>
				<y>64</y>
			</Size>
		</Unit>
		<Unit>
			<Type>&quot;Platform&quot;</Type>
			<SpriteName>&quot;TileL6a&quot;</SpriteName>
			<Position>
				<x>2112</x>
				<y>768</y>
			</Position>
			<Size>
				<x>64</x>
				<y>64</y>
			</Size>
		</Unit>
		<Unit>
			<Type>&quot;Platform&quot;</Type>
			<SpriteName>&quot;TileL6b&quot;</SpriteName>
			<Position>
				<x>2048</x>
				<y>768</y>
			</Position>
			<Size>
				<x>64</x>
				<y>64</y>
			</Size>
		</Unit>
		<Unit>
			<Type>&quot;Platform&quot;</Type>
			<SpriteName>&quot;TileL6d&quot;</SpriteName>
			<Position>
				<x>2880</x>
				<y>768</y>
			</Position>
			<Size>
				<x>64</x>
				<y>64</y>
			</Size>
		</Unit>
		<Unit>
			<Type>&quot;Platform&quot;</Type>
			<SpriteName>&quot;TileL6n&quot;</SpriteName>
			<Position>
				<x>2816</x>
				<y>768</y>
			</Position>
			<Size>
				<x>64</x>
				<y>64</y>
			</Size>
		</Unit>
		<Unit>
			<Type>&quot;Platform&quot;</Type>
			<SpriteName>&quot;TileL6k&quot;</SpriteName>
			<Position>
				<x>2368</x>
				<y>768</y>
			</Position>
			<Size>
				<x>64</x>
				<y>64</y>
			</Size>
		</Unit>
		<Unit>
			<Type>&quot;Platform&quot;</Type>
			<SpriteName>&quot;TileL6i&quot;</SpriteName>
			<Position>
				<x>2304</x>
				<y>768</y>
			</Position>
			<Size>
				<x>64</x>
				<y>64</y>
			</Size>
		</Unit>
		<Unit>
			<Type>&quot;Platform&quot;</Type>
			<SpriteName>&quot;TileL6m&quot;</SpriteName>
			<Position>
				<x>448</x>
				<y>768</y>
			</Position>
			<Size>
				<x>64</x>
				<y>64</y>
			</Size>
		</Unit>
		<Unit>
			<Type>&quot;Platform&quot;</Type>
			<SpriteName>&quot;TileL6e&quot;</SpriteName>
			<Position>
				<x>128</x>
				<y>704</y>
			</Position>
			<Size>
				<x>64</x>
				<y>64</y>
			</Size>
		</Unit>
		<Unit>
			<Type>&quot;Platform&quot;</Type>
			<SpriteName>&quot;TileL6f&quot;</SpriteName>
			<Position>
				<x>64</x>
				<y>704</y>
			</Position>
			<Size>
				<x>64</x>
				<y>64</y>
			</Size>
		</Unit>
		<Unit>
			<Type>&quot;Platform&quot;</Type>
			<SpriteName>&quot;TileL6c&quot;</SpriteName>
			<Position>
				<x>192</x>
				<y>704</y>
			</Position>
			<Size>
				<x>64</x>
				<y>64</y>
			</Size>
		</Unit>
		<Unit>
			<Type>&quot;Platform&quot;</Type>
			<SpriteName>&quot;TileL6h&quot;</SpriteName>
			<Position>
				<x>256</x>
				<y>704</y>
			</Position>
			<Size>
				<x>64</x>
				<y>64</y>
			</Size>
		</Unit>
		<Unit>
			<Type>&quot;Platform&quot;</Type>
			<SpriteName>&quot;TileL6Aq&quot;</SpriteName>
			<Position>
				<x>384</x>
				<y>736</y>
			</Position>
			<Size>
				<x>64</x>
				<y>64</y>
			</Size>
		</Unit>
		<Unit>
			<Type>&quot;Platform&quot;</Type>
			<SpriteName>&quot;TileL6Ad&quot;</SpriteName>
			<Position>
				<x>960</x>
				<y>768</y>
			</Position>
			<Size>
				<x>64</x>
				<y>64</y>
			</Size>
		</Unit>
		<Unit>
			<Type>&quot;Platform&quot;</Type>
			<SpriteName>&quot;TileL6c&quot;</SpriteName>
			<Position>
				<x>320</x>
				<y>704</y>
			</Position>
			<Size>
				<x>64</x>
				<y>64</y>
			</Size>
		</Unit>
		<Unit>
			<Type>&quot;Platform&quot;</Type>
			<SpriteName>&quot;TileL6d&quot;</SpriteName>
			<Position>
				<x>512</x>
				<y>768</y>
			</Position>
			<Size>
				<x>64</x>
				<y>64</y>
			</Size>
		</Unit>
		<Unit>
			<Type>&quot;Platform&quot;</Type>
			<SpriteName>&quot;TileL6e&quot;</SpriteName>
			<Position>
				<x>576</x>
				<y>768</y>
			</Position>
			<Size>
				<x>64</x>
				<y>64</y>
			</Size>
		</Unit>
		<Unit>
			<Type>&quot;Platform&quot;</Type>
			<SpriteName>&quot;TileL6Ab&quot;</SpriteName>
			<Position>
				<x>640</x>
				<y>768</y>
			</Position>
			<Size>
				<x>64</x>
				<y>64</y>
			</Size>
		</Unit>
		<Unit>
			<Type>&quot;Platform&quot;</Type>
			<SpriteName>&quot;TileL6Ae&quot;</SpriteName>
			<Position>
				<x>2432</x>
				<y>768</y>
			</Position>
			<Size>
				<x>64</x>
				<y>64</y>
			</Size>
		</Unit>
		<Unit>
			<Type>&quot;Platform&quot;</Type>
			<SpriteName>&quot;TileL6Am&quot;</SpriteName>
			<Position>
				<x>1984</x>
				<y>768</y>
			</Position>
			<Size>
				<x>64</x>
				<y>64</y>
			</Size>
		</Unit>
		<Unit>
			<Type>&quot;Platform&quot;</Type>
			<SpriteName>&quot;TileL6Ae&quot;</SpriteName>
			<Position>
				<x>2240</x>
				<y>768</y>
			</Position>
			<Size>
				<x>64</x>
				<y>64</y>
			</Size>
		</Unit>
		<Unit>
			<Type>&quot;Platform&quot;</Type>
			<SpriteName>&quot;TileL6Ag&quot;</SpriteName>
			<Position>
				<x>1472</x>
				<y>768</y>
			</Position>
			<Size>
				<x>64</x>
				<y>64</y>
			</Size>
		</Unit>
		<Unit>
			<Type>&quot;Platform&quot;</Type>
			<SpriteName>&quot;TileL6Al&quot;</SpriteName>
			<Position>
				<x>1024</x>
				<y>768</y>
			</Position>
			<Size>
				<x>64</x>
				<y>64</y>
			</Size>
		</Unit>
		<Unit>
			<Type>&quot;Platform&quot;</Type>
			<SpriteName>&quot;TileL6j&quot;</SpriteName>
			<Position>
				<x>1408</x>
				<y>768</y>
			</Position>
			<Size>
				<x>64</x>
				<y>64</y>
			</Size>
		</Unit>
		<Unit>
			<Type>&quot;Platform&quot;</Type>
			<SpriteName>&quot;TileL6l&quot;</SpriteName>
			<Position>
				<x>1920</x>
				<y>768</y>
			</Position>
			<Size>
				<x>64</x>
				<y>64</y>
			</Size>
		</Unit>
		<Unit>
			<Type>&quot;Platform&quot;</Type>
			<SpriteName>&quot;TileL6Widea&quot;</SpriteName>
			<Position>
				<x>1344</x>
				<y>768</y>
			</Position>
		</Unit>
		<Unit>
			<Type>&quot;Platform&quot;</Type>
			<SpriteName>&quot;TileL6Wideb&quot;</SpriteName>
			<Position>
				<x>1088</x>
				<y>768</y>
			</Position>
		</Unit>
		<Unit>
			<Type>&quot;Platform&quot;</Type>
			<SpriteName>&quot;TileL6Widec&quot;</SpriteName>
			<Position>
				<x>896</x>
				<y>768</y>
			</Position>
		</Unit>
		<Unit>
			<Type>&quot;Platform&quot;</Type>
			<SpriteName>&quot;TileL6Widee&quot;</SpriteName>
			<Position>
				<x>1696</x>
				<y>576</y>
			</Position>
		</Unit>
		<Unit>
			<Type>&quot;Platform&quot;</Type>
			<SpriteName>&quot;TileL6Wided&quot;</SpriteName>
			<Position>
				<x>2240</x>
				<y>544</y>
			</Position>
		</Unit>
		<Unit>
			<Type>&quot;Platform&quot;</Type>
			<SpriteName>&quot;TileL6Wided&quot;</SpriteName>
			<Position>
				<x>1856</x>
				<y>768</y>
			</Position>
		</Unit>
		<Unit>
			<Type>&quot;Platform&quot;</Type>
			<SpriteName>&quot;TileL6Widee&quot;</SpriteName>
			<Position>
				<x>704</x>
				<y>768</y>
			</Position>
		</Unit>
		<Unit>
			<Type>&quot;Platform&quot;</Type>
			<SpriteName>&quot;TileL6Widef&quot;</SpriteName>
			<Position>
				<x>1536</x>
				<y>768</y>
			</Position>
		</Unit>
		<Unit>
			<Type>&quot;Platform&quot;</Type>
			<SpriteName>&quot;BolconyMiddle&quot;</SpriteName>
			<Position>
				<x>2240</x>
				<y>704</y>
			</Position>
		</Unit>
		<Unit>
			<Type>&quot;Platform&quot;</Type>
			<SpriteName>&quot;TileL6Hihga&quot;</SpriteName>
			<Position>
				<x>2528</x>
				<y>640</y>
			</Position>
		</Unit>
		<Unit>
			<Type>&quot;Platform&quot;</Type>
			<SpriteName>&quot;TileL6Hihgb&quot;</SpriteName>
			<Position>
				<x>2528</x>
				<y>704</y>
			</Position>
		</Unit>
		<Unit>
			<Type>&quot;Door&quot;</Type>
			<SpriteName>&quot;Exit&quot;</SpriteName>
			<Position>
				<x>3456</x>
				<y>640</y>
			</Position>
			<Size>
				<x>32</x>
				<y>96</y>
			</Size>
			<Offset>
				<x>32</x>
				<y>0</y>
			</Offset>
			<Behind>true</Behind>
			<Solid>&quot;false&quot;</Solid>
		</Unit>
		<Unit>
			<Type>&quot;Lava&quot;</Type>
			<SpriteName>&quot;LavaMiddle&quot;</SpriteName>
			<Speed>180</Speed>
			<Frames>8</Frames>
			<Position>
				<x>192</x>
				<y>800</y>
			</Position>
			<Size>
				<x>64</x>
				<y>64</y>
			</Size>
			<Solid>&quot;true&quot;</Solid>
		</Unit>
		<Unit>
			<Type>&quot;Lava&quot;</Type>
			<SpriteName>&quot;LavaMiddle&quot;</SpriteName>
			<Speed>180</Speed>
			<Frames>8</Frames>
			<Position>
				<x>320</x>
				<y>800</y>
			</Position>
			<Size>
				<x>64</x>
				<y>64</y>
			</Size>
			<Solid>&quot;true&quot;</Solid>
		</Unit>
		<Unit>
			<Type>&quot;Lava&quot;</Type>
			<SpriteName>&quot;LavaMiddle&quot;</SpriteName>
			<Speed>180</Speed>
			<Frames>8</Frames>
			<Position>
				<x>64</x>
				<y>800</y>
			</Position>
			<Size>
				<x>64</x>
				<y>64</y>
			</Size>
			<Solid>&quot;true&quot;</Solid>
		</Unit>
		<Unit>
			<Type>&quot;Ram&quot;</Type>
			<SpriteName>&quot;RamLeftL6&quot;</SpriteName>
			<Position>
				<x>0</x>
				<y>0</y>
			</Position>
			<Size>
				<x>64</x>
				<y>636</y>
			</Size>
			<Solid>&quot;true&quot;</Solid>
		</Unit>
		<Unit>
			<Type>&quot;Ram&quot;</Type>
			<SpriteName>&quot;RamRightL6&quot;</SpriteName>
			<Position>
				<x>3520</x>
				<y>0</y>
			</Position>
			<Size>
				<x>64</x>
				<y>636</y>
			</Size>
			<Solid>&quot;true&quot;</Solid>
		</Unit>
		<Unit>
			<Type>&quot;Platform&quot;</Type>
			<SpriteName>&quot;TileL6g&quot;</SpriteName>
			<Position>
				<x>2496</x>
				<y>768</y>
			</Position>
		</Unit>
		<Unit>
			<Type>&quot;Platform&quot;</Type>
			<SpriteName>&quot;TileL6h&quot;</SpriteName>
			<Position>
				<x>2560</x>
				<y>768</y>
			</Position>
		</Unit>
		<Unit>
			<Type>&quot;Platform&quot;</Type>
			<SpriteName>&quot;TileL6e&quot;</SpriteName>
			<Position>
				<x>2624</x>
				<y>768</y>
			</Position>
		</Unit>
		<Unit>
			<Type>&quot;Platform&quot;</Type>
			<SpriteName>&quot;TileL6f&quot;</SpriteName>
			<Position>
				<x>2688</x>
				<y>768</y>
			</Position>
		</Unit>
		<Unit>
			<Type>&quot;Platform&quot;</Type>
			<SpriteName>&quot;TileL6d&quot;</SpriteName>
			<Position>
				<x>2752</x>
				<y>768</y>
			</Position>
		</Unit>
		<Unit>
			<Type>&quot;Platform&quot;</Type>
			<SpriteName>&quot;TileL6d&quot;</SpriteName>
			<Position>
				<x>2944</x>
				<y>768</y>
			</Position>
		</Unit>
		<Unit>
			<Type>&quot;Platform&quot;</Type>
			<SpriteName>&quot;TileL6c&quot;</SpriteName>
			<Position>
				<x>3008</x>
				<y>768</y>
			</Position>
		</Unit>
		<Unit>
			<Type>&quot;Platform&quot;</Type>
			<SpriteName>&quot;TileL6c&quot;</SpriteName>
			<Position>
				<x>3072</x>
				<y>768</y>
			</Position>
		</Unit>
		<Unit>
			<Type>&quot;Platform&quot;</Type>
			<SpriteName>&quot;TileL6c&quot;</SpriteName>
			<Position>
				<x>3136</x>
				<y>768</y>
			</Position>
		</Unit>
		<Unit>
			<Type>&quot;Platform&quot;</Type>
			<SpriteName>&quot;TileL6e&quot;</SpriteName>
			<Position>
				<x>3200</x>
				<y>768</y>
			</Position>
		</Unit>
		<Unit>
			<Type>&quot;Platform&quot;</Type>
			<SpriteName>&quot;TileL6e&quot;</SpriteName>
			<Position>
				<x>3264</x>
				<y>768</y>
			</Position>
		</Unit>
		<Unit>
			<Type>&quot;Platform&quot;</Type>
			<SpriteName>&quot;TileL6c&quot;</SpriteName>
			<Position>
				<x>3328</x>
				<y>768</y>
			</Position>
		</Unit>
		<Unit>
			<Type>&quot;Platform&quot;</Type>
			<SpriteName>&quot;TileL6d&quot;</SpriteName>
			<Position>
				<x>3392</x>
				<y>768</y>
			</Position>
		</Unit>
		<Unit>
			<Type>&quot;Platform&quot;</Type>
			<SpriteName>&quot;TileL6h&quot;</SpriteName>
			<Position>
				<x>3456</x>
				<y>768</y>
			</Position>
		</Unit>
		<Unit>
			<Type>&quot;Platform&quot;</Type>
			<SpriteName>&quot;TileL2Widee&quot;</SpriteName>
			<Position>
				<x>2304</x>
				<y>704</y>
			</Position>
		</Unit>
		<Unit>
			<Type>&quot;Platform&quot;</Type>
			<SpriteName>&quot;TileL2Widee&quot;</SpriteName>
			<Position>
				<x>2368</x>
				<y>704</y>
			</Position>
		</Unit>
		<Unit>
			<Type>&quot;Platform&quot;</Type>
			<SpriteName>&quot;TileL2Widef&quot;</SpriteName>
			<Position>
				<x>2432</x>
				<y>704</y>
			</Position>
		</Unit>
		<Unit>
			<Type>&quot;Platform&quot;</Type>
			<SpriteName>&quot;TileL2Widei&quot;</SpriteName>
			<Position>
				<x>2784</x>
				<y>192</y>
			</Position>
		</Unit>
		<Unit>
			<Type>&quot;Platform&quot;</Type>
			<SpriteName>&quot;TileL2Widei&quot;</SpriteName>
			<Position>
				<x>2880</x>
				<y>192</y>
			</Position>
		</Unit>
		<Unit>
			<Type>&quot;Platform&quot;</Type>
			<SpriteName>&quot;TileL3Sb&quot;</SpriteName>
			<Position>
				<x>2816</x>
				<y>256</y>
			</Position>
		</Unit>
		<Unit>
			<Type>&quot;Platform&quot;</Type>
			<SpriteName>&quot;TileL3Sb&quot;</SpriteName>
			<Position>
				<x>2880</x>
				<y>256</y>
			</Position>
		</Unit>
		<Unit>
			<Type>&quot;Platform&quot;</Type>
			<SpriteName>&quot;TileL2Widej&quot;</SpriteName>
			<Position>
				<x>2832</x>
				<y>320</y>
			</Position>
		</Unit>
		<Unit>
			<Type>&quot;Platform&quot;</Type>
			<SpriteName>&quot;TileL3Sa&quot;</SpriteName>
			<Position>
				<x>2912</x>
				<y>384</y>
			</Position>
		</Unit>
		<Unit>
			<Type>&quot;Platform&quot;</Type>
			<SpriteName>&quot;TileL2Widee&quot;</SpriteName>
			<Position>
				<x>2848</x>
				<y>416</y>
			</Position>
		</Unit>
		<Unit>
			<Type>&quot;Platform&quot;</Type>
			<SpriteName>&quot;TileL2Sa&quot;</SpriteName>
			<Position>
				<x>2816</x>
				<y>416</y>
			</Position>
		</Unit>
		<Unit>
			<Type>&quot;Platform&quot;</Type>
			<SpriteName>&quot;TileL3Sb&quot;</SpriteName>
			<Position>
				<x>2784</x>
				<y>384</y>
			</Position>
		</Unit>
		<Unit>
			<Type>&quot;Lava&quot;</Type>
			<SpriteName>&quot;LavaMiddle&quot;</SpriteName>
			<Speed>60</Speed>
			<Frames>16</Frames>
			<Position>
				<x>1720</x>
				<y>808</y>
			</Position>
			<Solid>&quot;true&quot;</Solid>
		</Unit>
	</Objects>
</Level>

