<?xml version="1.0"?>
<Level>
	<Name>&quot;IntroBana&quot;</Name>
	<Backgrounds>
		<Background>
			<SpriteName>&quot;BackgroundIntro&quot;</SpriteName>
			<Frames>1</Frames>
			<Speed>120</Speed>
			<Position>
				<x>0</x>
				<y>0</y>
			</Position>
		</Background>
	</Backgrounds>
	<Objects>
    <Unit>
      <Type>&quot;Ram&quot;</Type>
      <SpriteName>&quot;RamIntroTop&quot;</SpriteName>
      <Position>
        <x>0</x>
        <y>0</y>
      </Position>
      <Solid>&quot;true&quot;</Solid>
    </Unit>

    <Unit>
      <Type>Platform</Type>
      <SpriteName>TileIntrog</SpriteName>
      <Position>
        <x>448</x>
        <y>832</y>
      </Position>
    </Unit>
    <Unit>
      <Type>Platform</Type>
      <SpriteName>TileIntroi</SpriteName>
      <Position>
        <x>512</x>
        <y>832</y>
      </Position>
    </Unit>
    <Unit>
      <Type>Platform</Type>
      <SpriteName>TileIntroi</SpriteName>
      <Position>
        <x>576</x>
        <y>832</y>
      </Position>
    </Unit>
    <Unit>
      <Type>Platform</Type>
      <SpriteName>TileIntroh</SpriteName>
      <Position>
        <x>640</x>
        <y>832</y>
      </Position>
    </Unit>

    <Unit>
      <Type>Platform</Type>
      <SpriteName>TileIntrog</SpriteName>
      <Position>
        <x>960</x>
        <y>832</y>
      </Position>
    </Unit>
    <Unit>
      <Type>Platform</Type>
      <SpriteName>TileIntroh</SpriteName>
      <Position>
        <x>1024</x>
        <y>832</y>
      </Position>
    </Unit>

    <Unit>
      <Type>Platform</Type>
      <SpriteName>TileIntrog</SpriteName>
      <Position>
        <x>1408</x>
        <y>832</y>
      </Position>
    </Unit>
    <Unit>
      <Type>Platform</Type>
      <SpriteName>TileIntroh</SpriteName>
      <Position>
        <x>1472</x>
        <y>832</y>
      </Position>
    </Unit>

    <Unit>
      <Type>Platform</Type>
      <SpriteName>TileIntroPipe1</SpriteName>
      <Position>
        <x>176</x>
        <y>64</y>
      </Position>
    </Unit>
    <Unit>
      <Type>Platform</Type>
      <SpriteName>TileIntroPipe2</SpriteName>
      <Position>
        <x>134</x>
        <y>251</y>
      </Position>
    </Unit>

    <Unit>
      <Type>Platform</Type>
      <SpriteName>TileIntroj</SpriteName>
      <Position>
        <x>1920</x>
        <y>832</y>
      </Position>
    </Unit>

    <Unit>
			<Type>&quot;Player&quot;</Type>
			<Position>
				<x>197</x>
				<y>319</y>
			</Position>
		</Unit>
		<Unit>
			<Position>
				<x>2272</x>
				<y>576</y>
			</Position>
			<Type>&quot;Laser&quot;</Type>
			<Id>&quot;LaserBlue1&quot;</Id>
			<Active>&quot;true&quot;</Active>
			<Rotation>0</Rotation>
			<Color>&quot;Blue&quot;</Color>
			<VisibilityRange>100</VisibilityRange>
			<Length>128</Length>
		</Unit>
		<Unit>
			<Type>&quot;Platform&quot;</Type>
			<SpriteName>&quot;TileL6Widea&quot;</SpriteName>
			<Position>
				<x>1696</x>
				<y>576</y>
			</Position>
		</Unit>
		<Unit>
			<Type>&quot;Platform&quot;</Type>
			<SpriteName>&quot;TileL6Hihgb&quot;</SpriteName>
			<Position>
				<x>2528</x>
				<y>704</y>
			</Position>
		</Unit>
		<Unit>
			<Type>&quot;Door&quot;</Type>
			<SpriteName>&quot;Exit&quot;</SpriteName>
			<Position>
				<x>3456</x>
				<y>640</y>
			</Position>
			<Size>
				<x>32</x>
				<y>96</y>
			</Size>
			<Offset>
				<x>32</x>
				<y>0</y>
			</Offset>
			<Behind>true</Behind>
			<Solid>&quot;false&quot;</Solid>
		</Unit>
    
		<Unit>
			<Type>&quot;Lava&quot;</Type>
			<SpriteName>&quot;LavaMiddle&quot;</SpriteName>
			<Speed>180</Speed>
			<Frames>8</Frames>
			<Position>
				<x>192</x>
				<y>800</y>
			</Position>
			<Size>
				<x>64</x>
				<y>64</y>
			</Size>
			<Solid>&quot;true&quot;</Solid>
		</Unit>
		<Unit>
			<Type>&quot;Lava&quot;</Type>
			<SpriteName>&quot;LavaMiddle&quot;</SpriteName>
			<Speed>180</Speed>
			<Frames>8</Frames>
			<Position>
				<x>320</x>
				<y>800</y>
			</Position>
			<Size>
				<x>64</x>
				<y>64</y>
			</Size>
			<Solid>&quot;true&quot;</Solid>
		</Unit>
		<Unit>
			<Type>&quot;Lava&quot;</Type>
			<SpriteName>&quot;LavaMiddle&quot;</SpriteName>
			<Speed>180</Speed>
			<Frames>8</Frames>
			<Position>
				<x>64</x>
				<y>800</y>
			</Position>
			<Size>
				<x>64</x>
				<y>64</y>
			</Size>
			<Solid>&quot;true&quot;</Solid>
		</Unit>
    
		<Unit>
			<Type>&quot;Ram&quot;</Type>
			<SpriteName>&quot;RamIntroLeft&quot;</SpriteName>
			<Position>
				<x>0</x>
				<y>64</y>
			</Position>
			<Solid>&quot;true&quot;</Solid>
		</Unit>
		<Unit>
			<Type>&quot;Ram&quot;</Type>
			<SpriteName>&quot;RamIntroRight&quot;</SpriteName>
			<Position>
				<x>3520</x>
				<y>64</y>
			</Position>
			<Solid>&quot;true&quot;</Solid>
		</Unit>
		<Unit>
			<Type>&quot;Platform&quot;</Type>
			<SpriteName>&quot;TileL2Widee&quot;</SpriteName>
			<Position>
				<x>2304</x>
				<y>704</y>
			</Position>
		</Unit>
		<Unit>
			<Type>&quot;Platform&quot;</Type>
			<SpriteName>&quot;TileL2Widee&quot;</SpriteName>
			<Position>
				<x>2368</x>
				<y>704</y>
			</Position>
		</Unit>
		<Unit>
			<Type>&quot;Platform&quot;</Type>
			<SpriteName>&quot;TileL2Widef&quot;</SpriteName>
			<Position>
				<x>2432</x>
				<y>704</y>
			</Position>
		</Unit>
		<!--<Unit>
			<Type>&quot;Platform&quot;</Type>
			<SpriteName>&quot;TileL2Widei&quot;</SpriteName>
			<Position>
				<x>2784</x>
				<y>192</y>
			</Position>
		</Unit>
		<Unit>
			<Type>&quot;Platform&quot;</Type>
			<SpriteName>&quot;TileL2Widei&quot;</SpriteName>
			<Position>
				<x>2880</x>
				<y>192</y>
			</Position>
		</Unit>-->
		<!--<Unit>
			<Type>&quot;Platform&quot;</Type>
			<SpriteName>&quot;TileL3Sb&quot;</SpriteName>
			<Position>
				<x>2816</x>
				<y>256</y>
			</Position>
		</Unit>
		<Unit>
			<Type>&quot;Platform&quot;</Type>
			<SpriteName>&quot;TileL3Sb&quot;</SpriteName>
			<Position>
				<x>2880</x>
				<y>256</y>
			</Position>
		</Unit>-->
		<!--<Unit>
			<Type>&quot;Platform&quot;</Type>
			<SpriteName>&quot;TileL2Widej&quot;</SpriteName>
			<Position>
				<x>2832</x>
				<y>320</y>
			</Position>
		</Unit>
		<Unit>
			<Type>&quot;Platform&quot;</Type>
			<SpriteName>&quot;TileL3Sa&quot;</SpriteName>
			<Position>
				<x>2912</x>
				<y>384</y>
			</Position>
		</Unit>
		<Unit>
			<Type>&quot;Platform&quot;</Type>
			<SpriteName>&quot;TileL2Widee&quot;</SpriteName>
			<Position>
				<x>2848</x>
				<y>416</y>
			</Position>
		</Unit>
		<Unit>
			<Type>&quot;Platform&quot;</Type>
			<SpriteName>&quot;TileL2Sa&quot;</SpriteName>
			<Position>
				<x>2816</x>
				<y>416</y>
			</Position>
		</Unit>
		<Unit>
			<Type>&quot;Platform&quot;</Type>
			<SpriteName>&quot;TileL3Sb&quot;</SpriteName>
			<Position>
				<x>2784</x>
				<y>384</y>
			</Position>
		</Unit>-->
		<Unit>
			<Type>&quot;Lava&quot;</Type>
			<SpriteName>&quot;LavaMiddle&quot;</SpriteName>
			<Speed>60</Speed>
			<Frames>16</Frames>
			<Position>
				<x>704</x>
				<y>800</y>
			</Position>
			<Solid>&quot;true&quot;</Solid>
		</Unit>
		<Unit>
			<Type>&quot;Platform&quot;</Type>
			<SpriteName>&quot;TileL4a&quot;</SpriteName>
			<Position>
				<x>64</x>
				<y>704</y>
			</Position>
		</Unit>
		<Unit>
			<Type>&quot;Platform&quot;</Type>
			<SpriteName>&quot;TileL4a&quot;</SpriteName>
			<Position>
				<x>128</x>
				<y>704</y>
			</Position>
		</Unit>
		<Unit>
			<Type>&quot;Platform&quot;</Type>
			<SpriteName>&quot;TileL4a&quot;</SpriteName>
			<Position>
				<x>192</x>
				<y>704</y>
			</Position>
		</Unit>
		<Unit>
			<Type>&quot;Platform&quot;</Type>
			<SpriteName>&quot;TileL4b&quot;</SpriteName>
			<Position>
				<x>256</x>
				<y>704</y>
			</Position>
		</Unit>
		<Unit>
			<Type>&quot;Platform&quot;</Type>
			<SpriteName>&quot;TileIntroa&quot;</SpriteName>
			<Position>
				<x>320</x>
				<y>704</y>
			</Position>
		</Unit>
		<Unit>
			<Type>&quot;Platform&quot;</Type>
			<SpriteName>&quot;TileIntrob&quot;</SpriteName>
			<Position>
				<x>448</x>
				<y>768</y>
			</Position>
		</Unit>
		<Unit>
			<Type>&quot;Platform&quot;</Type>
			<SpriteName>&quot;TileIntroe&quot;</SpriteName>
			<Position>
				<x>512</x>
				<y>768</y>
			</Position>
		</Unit>
		<Unit>
			<Type>&quot;Platform&quot;</Type>
			<SpriteName>&quot;TileIntrof&quot;</SpriteName>
			<Position>
				<x>576</x>
				<y>768</y>
			</Position>
		</Unit>
		<Unit>
			<Type>&quot;Platform&quot;</Type>
			<SpriteName>&quot;TileIntroc&quot;</SpriteName>
			<Position>
				<x>640</x>
				<y>768</y>
			</Position>
		</Unit>
		<Unit>
			<Type>&quot;Platform&quot;</Type>
			<SpriteName>&quot;TileL2Widef&quot;</SpriteName>
			<Position>
				<x>704</x>
				<y>768</y>
			</Position>
		</Unit>
		<Unit>
			<Type>&quot;Platform&quot;</Type>
			<SpriteName>&quot;TileL2Widel&quot;</SpriteName>
			<Position>
				<x>896</x>
				<y>768</y>
			</Position>
		</Unit>
		<Unit>
			<Type>&quot;Platform&quot;</Type>
			<SpriteName>&quot;TileIntrob&quot;</SpriteName>
			<Position>
				<x>960</x>
				<y>768</y>
			</Position>
		</Unit>
		<Unit>
			<Type>&quot;Platform&quot;</Type>
			<SpriteName>&quot;TileIntroc&quot;</SpriteName>
			<Position>
				<x>1024</x>
				<y>768</y>
			</Position>
		</Unit>
		<Unit>
			<Type>&quot;Platform&quot;</Type>
			<SpriteName>&quot;TileL2Wideh&quot;</SpriteName>
			<Position>
				<x>1088</x>
				<y>768</y>
			</Position>
		</Unit>
		<Unit>
			<Type>&quot;Platform&quot;</Type>
			<SpriteName>&quot;TileL2Wided&quot;</SpriteName>
			<Position>
				<x>1344</x>
				<y>768</y>
			</Position>
		</Unit>
		<Unit>
			<Type>&quot;Platform&quot;</Type>
			<SpriteName>&quot;TileIntrob&quot;</SpriteName>
			<Position>
				<x>1408</x>
				<y>768</y>
			</Position>
		</Unit>
		<Unit>
			<Type>&quot;Platform&quot;</Type>
			<SpriteName>&quot;TileIntroc&quot;</SpriteName>
			<Position>
				<x>1472</x>
				<y>768</y>
			</Position>
		</Unit>
		<Unit>
			<Type>&quot;Platform&quot;</Type>
			<SpriteName>&quot;TileL2Widef&quot;</SpriteName>
			<Position>
				<x>1536</x>
				<y>768</y>
			</Position>
		</Unit>
		<Unit>
			<Type>&quot;Platform&quot;</Type>
			<SpriteName>&quot;TileL2Wided&quot;</SpriteName>
			<Position>
				<x>1856</x>
				<y>768</y>
			</Position>
		</Unit>
		<Unit>
			<Type>&quot;Platform&quot;</Type>
			<SpriteName>&quot;TileIntrob&quot;</SpriteName>
			<Position>
				<x>1920</x>
				<y>768</y>
			</Position>
		</Unit>
		<Unit>
			<Type>&quot;Platform&quot;</Type>
			<SpriteName>&quot;TileL4c&quot;</SpriteName>
			<Position>
				<x>1984</x>
				<y>768</y>
			</Position>
		</Unit>
		<Unit>
			<Type>&quot;Platform&quot;</Type>
			<SpriteName>&quot;TileL4a&quot;</SpriteName>
			<Position>
				<x>2048</x>
				<y>768</y>
			</Position>
		</Unit>
		<Unit>
			<Type>&quot;Platform&quot;</Type>
			<SpriteName>&quot;TileL4a&quot;</SpriteName>
			<Position>
				<x>2112</x>
				<y>768</y>
			</Position>
		</Unit>
		<Unit>
			<Type>&quot;Platform&quot;</Type>
			<SpriteName>&quot;TileL4d&quot;</SpriteName>
			<Position>
				<x>2176</x>
				<y>768</y>
			</Position>
		</Unit>
		<Unit>
			<Type>&quot;Platform&quot;</Type>
			<SpriteName>&quot;TileL4b&quot;</SpriteName>
			<Position>
				<x>2240</x>
				<y>768</y>
			</Position>
		</Unit>
		<Unit>
			<Type>&quot;Platform&quot;</Type>
			<SpriteName>&quot;TileL4a&quot;</SpriteName>
			<Position>
				<x>2304</x>
				<y>768</y>
			</Position>
		</Unit>
		<Unit>
			<Type>&quot;Platform&quot;</Type>
			<SpriteName>&quot;TileL4a&quot;</SpriteName>
			<Position>
				<x>2368</x>
				<y>768</y>
			</Position>
		</Unit>
		<Unit>
			<Type>&quot;Platform&quot;</Type>
			<SpriteName>&quot;TileL4b&quot;</SpriteName>
			<Position>
				<x>2432</x>
				<y>768</y>
			</Position>
		</Unit>
		<Unit>
			<Type>&quot;Platform&quot;</Type>
			<SpriteName>&quot;TileL2Widek&quot;</SpriteName>
			<Position>
				<x>2240</x>
				<y>544</y>
			</Position>
		</Unit>
		<Unit>
			<Type>&quot;Platform&quot;</Type>
			<SpriteName>&quot;TileL2Widel&quot;</SpriteName>
			<Position>
				<x>2240</x>
				<y>704</y>
			</Position>
		</Unit>
		<Unit>
			<Type>&quot;Platform&quot;</Type>
			<SpriteName>&quot;TileIntrod&quot;</SpriteName>
			<Position>
				<x>2496</x>
				<y>768</y>
			</Position>
		</Unit>
		<Unit>
			<Type>&quot;Platform&quot;</Type>
			<SpriteName>&quot;TileIntroHigh&quot;</SpriteName>
			<Position>
				<x>2528</x>
				<y>640</y>
			</Position>
		</Unit>
		<Unit>
			<Type>&quot;Platform&quot;</Type>
			<SpriteName>&quot;TileL4a&quot;</SpriteName>
			<Position>
				<x>2560</x>
				<y>768</y>
			</Position>
		</Unit>
		<Unit>
			<Type>&quot;Platform&quot;</Type>
			<SpriteName>&quot;TileL4c&quot;</SpriteName>
			<Position>
				<x>2624</x>
				<y>768</y>
			</Position>
		</Unit>
		<Unit>
			<Type>&quot;Platform&quot;</Type>
			<SpriteName>&quot;TileL4d&quot;</SpriteName>
			<Position>
				<x>2688</x>
				<y>768</y>
			</Position>
		</Unit>
		<Unit>
			<Type>&quot;Platform&quot;</Type>
			<SpriteName>&quot;TileL4c&quot;</SpriteName>
			<Position>
				<x>2752</x>
				<y>768</y>
			</Position>
		</Unit>
		<Unit>
			<Type>&quot;Platform&quot;</Type>
			<SpriteName>&quot;TileL4a&quot;</SpriteName>
			<Position>
				<x>2816</x>
				<y>768</y>
			</Position>
		</Unit>
		<Unit>
			<Type>&quot;Platform&quot;</Type>
			<SpriteName>&quot;TileL4a&quot;</SpriteName>
			<Position>
				<x>2880</x>
				<y>768</y>
			</Position>
		</Unit>
		<Unit>
			<Type>&quot;Platform&quot;</Type>
			<SpriteName>&quot;TileL4b&quot;</SpriteName>
			<Position>
				<x>2944</x>
				<y>768</y>
			</Position>
		</Unit>
		<Unit>
			<Type>&quot;Platform&quot;</Type>
			<SpriteName>&quot;TileL4b&quot;</SpriteName>
			<Position>
				<x>3008</x>
				<y>768</y>
			</Position>
		</Unit>
		<Unit>
			<Type>&quot;Platform&quot;</Type>
			<SpriteName>&quot;TileL4d&quot;</SpriteName>
			<Position>
				<x>3072</x>
				<y>768</y>
			</Position>
		</Unit>
		<Unit>
			<Type>&quot;Platform&quot;</Type>
			<SpriteName>&quot;TileL4a&quot;</SpriteName>
			<Position>
				<x>3136</x>
				<y>768</y>
			</Position>
		</Unit>
		<Unit>
			<Type>&quot;Platform&quot;</Type>
			<SpriteName>&quot;TileL4a&quot;</SpriteName>
			<Position>
				<x>3200</x>
				<y>768</y>
			</Position>
		</Unit>
		<Unit>
			<Type>&quot;Platform&quot;</Type>
			<SpriteName>&quot;TileL4c&quot;</SpriteName>
			<Position>
				<x>3264</x>
				<y>768</y>
			</Position>
		</Unit>
		<Unit>
			<Type>&quot;Platform&quot;</Type>
			<SpriteName>&quot;TileL4b&quot;</SpriteName>
			<Position>
				<x>3328</x>
				<y>768</y>
			</Position>
		</Unit>
		<Unit>
			<Type>&quot;Platform&quot;</Type>
			<SpriteName>&quot;TileL4a&quot;</SpriteName>
			<Position>
				<x>3392</x>
				<y>768</y>
			</Position>
		</Unit>
		<Unit>
			<Type>&quot;Platform&quot;</Type>
			<SpriteName>&quot;TileL4b&quot;</SpriteName>
			<Position>
				<x>3456</x>
				<y>768</y>
			</Position>
		</Unit>
		<Unit>
			<Type>&quot;Platform&quot;</Type>
			<SpriteName>&quot;TileL1h&quot;</SpriteName>
			<Position>
				<x>384</x>
				<y>736</y>
			</Position>
		</Unit>
		<Unit>
			<Type>&quot;Lava&quot;</Type>
			<SpriteName>&quot;LavaMiddle&quot;</SpriteName>
			<Speed>60</Speed>
			<Frames>16</Frames>
			<Position>
				<x>768</x>
				<y>800</y>
			</Position>
			<Solid>&quot;true&quot;</Solid>
		</Unit>
		<Unit>
			<Type>&quot;Lava&quot;</Type>
			<SpriteName>&quot;LavaMiddle&quot;</SpriteName>
			<Speed>60</Speed>
			<Frames>16</Frames>
			<Position>
				<x>832</x>
				<y>800</y>
			</Position>
			<Solid>&quot;true&quot;</Solid>
		</Unit>
		<Unit>
			<Type>&quot;Lava&quot;</Type>
			<SpriteName>&quot;LavaMiddle&quot;</SpriteName>
			<Speed>60</Speed>
			<Frames>16</Frames>
			<Position>
				<x>896</x>
				<y>800</y>
			</Position>
			<Solid>&quot;true&quot;</Solid>
		</Unit>
		<Unit>
			<Type>&quot;Lava&quot;</Type>
			<SpriteName>&quot;LavaMiddle&quot;</SpriteName>
			<Speed>60</Speed>
			<Frames>16</Frames>
			<Position>
				<x>1088</x>
				<y>800</y>
			</Position>
			<Solid>&quot;true&quot;</Solid>
		</Unit>
		<Unit>
			<Type>&quot;Lava&quot;</Type>
			<SpriteName>&quot;LavaMiddle&quot;</SpriteName>
			<Speed>60</Speed>
			<Frames>16</Frames>
			<Position>
				<x>1152</x>
				<y>800</y>
			</Position>
			<Solid>&quot;true&quot;</Solid>
		</Unit>
		<Unit>
			<Type>&quot;Lava&quot;</Type>
			<SpriteName>&quot;LavaMiddle&quot;</SpriteName>
			<Speed>60</Speed>
			<Frames>16</Frames>
			<Position>
				<x>1216</x>
				<y>800</y>
			</Position>
			<Solid>&quot;true&quot;</Solid>
		</Unit>
		<Unit>
			<Type>&quot;Lava&quot;</Type>
			<SpriteName>&quot;LavaMiddle&quot;</SpriteName>
			<Speed>60</Speed>
			<Frames>16</Frames>
			<Position>
				<x>1280</x>
				<y>800</y>
			</Position>
			<Solid>&quot;true&quot;</Solid>
		</Unit>
		<Unit>
			<Type>&quot;Lava&quot;</Type>
			<SpriteName>&quot;LavaMiddle&quot;</SpriteName>
			<Speed>60</Speed>
			<Frames>16</Frames>
			<Position>
				<x>1344</x>
				<y>800</y>
			</Position>
			<Solid>&quot;true&quot;</Solid>
		</Unit>
		<Unit>
			<Type>&quot;Lava&quot;</Type>
			<SpriteName>&quot;LavaMiddle&quot;</SpriteName>
			<Speed>60</Speed>
			<Frames>16</Frames>
			<Position>
				<x>1536</x>
				<y>800</y>
			</Position>
			<Solid>&quot;true&quot;</Solid>
		</Unit>
		<Unit>
			<Type>&quot;Lava&quot;</Type>
			<SpriteName>&quot;LavaMiddle&quot;</SpriteName>
			<Speed>60</Speed>
			<Frames>16</Frames>
			<Position>
				<x>1600</x>
				<y>800</y>
			</Position>
			<Solid>&quot;true&quot;</Solid>
		</Unit>
		<Unit>
			<Type>&quot;Lava&quot;</Type>
			<SpriteName>&quot;LavaMiddle&quot;</SpriteName>
			<Speed>60</Speed>
			<Frames>16</Frames>
			<Position>
				<x>1664</x>
				<y>800</y>
			</Position>
			<Solid>&quot;true&quot;</Solid>
		</Unit>
		<Unit>
			<Type>&quot;Lava&quot;</Type>
			<SpriteName>&quot;LavaMiddle&quot;</SpriteName>
			<Speed>60</Speed>
			<Frames>16</Frames>
			<Position>
				<x>1728</x>
				<y>800</y>
			</Position>
			<Solid>&quot;true&quot;</Solid>
		</Unit>
		<Unit>
			<Type>&quot;Lava&quot;</Type>
			<SpriteName>&quot;LavaMiddle&quot;</SpriteName>
			<Speed>60</Speed>
			<Frames>16</Frames>
			<Position>
				<x>1792</x>
				<y>800</y>
			</Position>
			<Solid>&quot;true&quot;</Solid>
		</Unit>
		<Unit>
			<Type>&quot;Lava&quot;</Type>
			<SpriteName>&quot;LavaMiddle&quot;</SpriteName>
			<Speed>60</Speed>
			<Frames>16</Frames>
			<Position>
				<x>1856</x>
				<y>800</y>
			</Position>
			<Solid>&quot;true&quot;</Solid>
		</Unit>
	</Objects>
</Level>

