<?xml version="1.0" encoding="utf-8"?>
<Level>
  <Name>"Tutorial3"</Name>
  <Backgrounds>
    <Background>
      <Frames>1</Frames>
      <Speed>120</Speed>
      <SpriteName>"BGTutorial"</SpriteName>
      <Position>
        <x>0</x>
        <y>0</y>
      </Position>
    </Background>
  </Backgrounds>

  <Objects>
    <Unit>
      <Type>"Player"</Type>
      <Position>
        <x>64</x>
        <y>384</y>
      </Position>
      <Size>
        <x>64</x>
        <y>64</y>
      </Size>
    </Unit>

    <Unit>
      <Type>Platform</Type>
      <Position>
        <x>0</x>
        <y>480</y>
      </Position>
      <SpriteName>House3</SpriteName>
    </Unit>
    <Unit>
      <Type>Platform</Type>
      <Position>
        <x>320</x>
        <y>352</y>
      </Position>
      <SpriteName>House4</SpriteName>
    </Unit>
    <Unit>
      <Type>Platform</Type>
      <Position>
        <x>576</x>
        <y>608</y>
      </Position>
      <SpriteName>House5</SpriteName>
    </Unit>
    <Unit>
      <Type>Platform</Type>
      <Position>
        <x>960</x>
        <y>480</y>
      </Position>
      <SpriteName>House6</SpriteName>
    </Unit>
    <Unit>
      <Type>Platform</Type>
      <Position>
        <x>256</x>
        <y>416</y>
      </Position>
      <SpriteName>WoodBox</SpriteName>
    </Unit>
    <Unit>
      <Type>Platform</Type>
      <Position>
        <x>512</x>
        <y>288</y>
      </Position>
      <SpriteName>WoodBox</SpriteName>
    </Unit>

    <Unit>
      <Type>Billboard</Type>
      <Position>
        <x>383</x>
        <y>219</y>
      </Position>
      <Size>
        <x>64</x>
        <y>64</y>
      </Size>
      <SpriteName>Billboard1</SpriteName>
      <Solid>true</Solid>
      <Behind>true</Behind>
    </Unit>
    <Unit>
      <Type>Billboard</Type>
      <Position>
        <x>448</x>
        <y>155</y>
      </Position>
      <Size>
        <x>128</x>
        <y>64</y>
      </Size>
      <SpriteName>Billboard2</SpriteName>
      <Solid>true</Solid>
      <Behind>true</Behind>
    </Unit>
    
    <Unit>
      <Type>"Door"</Type>
      <SpriteName>"BankSign"</SpriteName>
      <Position>
        <x>1180</x>
        <y>380</y>
      </Position>
      <Size>
        <x>50</x>
        <y>100</y>
      </Size>
      <Offset>
        <x>50</x>
        <y>0</y>
      </Offset>
      <Behind>true</Behind>
      <Solid>false</Solid>
    </Unit>
    
    <Unit>
      <Type>Checkpoint</Type>
      <SpriteName>CheckpointAnim</SpriteName>
      <Position>
        <x>656</x>
        <y>544</y>
      </Position>
      <Size>
        <x>40</x>
        <y>58</y>
      </Size>
      <Offset>
        <x>12</x>
        <y>6</y>
      </Offset>
    </Unit>

    <Unit>
      <Type>Unclimbable</Type>
      <Position>
        <x>-64</x>
        <y>0</y>
      </Position>
      <Size>
        <x>64</x>
        <y>768</y>
      </Size>
      <SpriteName>""</SpriteName>
    </Unit>
    <Unit>
      <Type>Unclimbable</Type>
      <Position>
        <x>0</x>
        <y>-64</y>
      </Position>
      <Size>
        <x>1280</x>
        <y>64</y>
      </Size>
      <SpriteName>""</SpriteName>
    </Unit>
    <Unit>
      <Type>Unclimbable</Type>
      <Position>
        <x>1280</x>
        <y>0</y>
      </Position>
      <Size>
        <x>64</x>
        <y>768</y>
      </Size>
      <SpriteName>""</SpriteName>
    </Unit>

    <Unit>
      <Type>"DialogueBox"</Type>
      <Id>"TutorialBox1"</Id>
      <SpriteName>"HelpExt"</SpriteName>
      <Position>
        <x>640</x>
        <y>256</y>
      </Position>
      <Text>""</Text>
      <Visible>false</Visible>
      <FadeIn>false</FadeIn>
    </Unit>
    <Unit>
      <Type>"DialogueBox"</Type>
      <Id>"TutorialBox2"</Id>
      <SpriteName>"HelpRocket"</SpriteName>
      <Position>
        <x>960</x>
        <y>96</y>
      </Position>
      <Text>""</Text>
      <Visible>false</Visible>
      <FadeIn>false</FadeIn>
    </Unit>

    <Unit>
      <Type>Trigger</Type>
      <Position>
        <x>816</x>
        <y>600</y>
      </Position>
      <SpriteName>TriggerTutorial</SpriteName>
      <Target>TutorialBox1</Target>
      <Id>Trigger1</Id>
      <Sound>TriggerHelp</Sound>
    </Unit>
    <Unit>
      <Type>Trigger</Type>
      <Position>
        <x>1008</x>
        <y>472</y>
      </Position>
      <SpriteName>TriggerTutorial</SpriteName>
      <Target>TutorialBox2</Target>
      <Id>Trigger2</Id>
      <Sound>TriggerHelp</Sound>
    </Unit>
    
    <!--<Unit>
      <Type>"HelpBox"</Type>
      <SpriteName>"Checkpoint"</SpriteName>
      <Position>
        <x>592</x>
        <y>576</y>
      </Position>
      <Size>
        <x>32</x>
        <y>32</y>
      </Size>
      <Solid>false</Solid>
    </Unit>
    <Unit>
      <Type>"HelpBox"</Type>
      <SpriteName>"HelpBoxInactive"</SpriteName>
      <Position>
        <x>400</x>
        <y>286</y>
      </Position>
      <Size>
        <x>32</x>
        <y>32</y>
      </Size>
      <Solid>false</Solid>
    </Unit>
    <Unit>
      <Type>"HelpBox"</Type>
      <SpriteName>"HelpBoxInactive"</SpriteName>
      <Position>
        <x>656</x>
        <y>544</y>
      </Position>
      <Size>
        <x>32</x>
        <y>32</y>
      </Size>
      <Solid>false</Solid>
    </Unit>
    <Unit>
      <Type>"HelpBox"</Type>
      <SpriteName>"HelpBoxInactive"</SpriteName>
      <Position>
        <x>976</x>
        <y>416</y>
      </Position>
      <Size>
        <x>32</x>
        <y>32</y>
      </Size>
      <Solid>false</Solid>
    </Unit>


    <Unit>
      <Type>"Player"</Type>
      <Position>
        <x>64</x>
        <y>384</y>
      </Position>
      <Size>
        <x>64</x>
        <y>64</y>
      </Size>
    </Unit>

    <Unit>
      <Type>"Platform"</Type>
      <SpriteName>"Tile2"</SpriteName>
      <Position>
        <x>64</x>
        <y>480</y>
      </Position>
      <Size>
        <x>64</x>
        <y>64</y>
      </Size>
    </Unit>
    <Unit>
      <Type>"Platform"</Type>
      <SpriteName>"Tile3"</SpriteName>
      <Position>
        <x>128</x>
        <y>480</y>
      </Position>
      <Size>
        <x>64</x>
        <y>64</y>
      </Size>
    </Unit>
    <Unit>
      <Type>"Platform"</Type>
      <SpriteName>"Tile4"</SpriteName>
      <Position>
        <x>192</x>
        <y>480</y>
      </Position>
      <Size>
        <x>64</x>
        <y>64</y>
      </Size>
    </Unit>
    <Unit>
      <Type>"Platform"</Type>
      <SpriteName>"Tile6"</SpriteName>
      <Position>
        <x>256</x>
        <y>416</y>
      </Position>
      <Size>
        <x>64</x>
        <y>64</y>
      </Size>
    </Unit>
    <Unit>
      <Type>"Platform"</Type>
      <SpriteName>"Tile3"</SpriteName>
      <Position>
        <x>320</x>
        <y>352</y>
      </Position>
      <Size>
        <x>64</x>
        <y>64</y>
      </Size>
    </Unit>
    <Unit>
      <Type>"Platform"</Type>
      <SpriteName>"Tile3"</SpriteName>
      <Position>
        <x>384</x>
        <y>352</y>
      </Position>
      <Size>
        <x>64</x>
        <y>64</y>
      </Size>
    </Unit>
    <Unit>
      <Type>"Platform"</Type>
      <SpriteName>"Tile6"</SpriteName>
      <Position>
        <x>384</x>
        <y>216</y>
      </Position>
      <Size>
        <x>64</x>
        <y>64</y>
      </Size>
    </Unit>
    <Unit>
      <Type>"Platform"</Type>
      <SpriteName>"Tile3"</SpriteName>
      <Position>
        <x>448</x>
        <y>152</y>
      </Position>
      <Size>
        <x>64</x>
        <y>64</y>
      </Size>
    </Unit>
    <Unit>
      <Type>"Platform"</Type>
      <SpriteName>"Tile6"</SpriteName>
      <Position>
        <x>448</x>
        <y>352</y>
      </Position>
      <Size>
        <x>64</x>
        <y>64</y>
      </Size>
    </Unit>
    <Unit>
      <Type>"Platform"</Type>
      <SpriteName>"Tile2"</SpriteName>
      <Position>
        <x>512</x>
        <y>152</y>
      </Position>
      <Size>
        <x>64</x>
        <y>64</y>
      </Size>
    </Unit>
    <Unit>
      <Type>"Platform"</Type>
      <SpriteName>"Tile4"</SpriteName>
      <Position>
        <x>512</x>
        <y>288</y>
      </Position>
      <Size>
        <x>64</x>
        <y>64</y>
      </Size>
    </Unit>
    <Unit>
      <Type>"Platform"</Type>
      <SpriteName>"Tile6"</SpriteName>
      <Position>
        <x>512</x>
        <y>352</y>
      </Position>
      <Size>
        <x>64</x>
        <y>64</y>
      </Size>
    </Unit>
    <Unit>
      <Type>"Platform"</Type>
      <SpriteName>"Tile4"</SpriteName>
      <Position>
        <x>512</x>
        <y>416</y>
      </Position>
      <Size>
        <x>64</x>
        <y>64</y>
      </Size>
    </Unit>
    <Unit>
      <Type>"Platform"</Type>
      <SpriteName>"Tile8"</SpriteName>
      <Position>
        <x>512</x>
        <y>480</y>
      </Position>
      <Size>
        <x>64</x>
        <y>64</y>
      </Size>
    </Unit>
    <Unit>
      <Type>"Platform"</Type>
      <SpriteName>"Tile6"</SpriteName>
      <Position>
        <x>512</x>
        <y>544</y>
      </Position>
      <Size>
        <x>64</x>
        <y>64</y>
      </Size>
    </Unit>
    <Unit>
      <Type>"Platform"</Type>
      <SpriteName>"Tile4"</SpriteName>
      <Position>
        <x>576</x>
        <y>608</y>
      </Position>
      <Size>
        <x>64</x>
        <y>64</y>
      </Size>
    </Unit>
    <Unit>
      <Type>"Platform"</Type>
      <SpriteName>"Tile2"</SpriteName>
      <Position>
        <x>640</x>
        <y>608</y>
      </Position>
      <Size>
        <x>64</x>
        <y>64</y>
      </Size>
    </Unit>
    <Unit>
      <Type>"Platform"</Type>
      <SpriteName>"Tile3"</SpriteName>
      <Position>
        <x>768</x>
        <y>608</y>
      </Position>
      <Size>
        <x>64</x>
        <y>64</y>
      </Size>
    </Unit>
    <Unit>
      <Type>"Platform"</Type>
      <SpriteName>"Tile8"</SpriteName>
      <Position>
        <x>704</x>
        <y>608</y>
      </Position>
      <Size>
        <x>64</x>
        <y>64</y>
      </Size>
    </Unit>
    <Unit>
      <Type>"Platform"</Type>
      <SpriteName>"Tile2"</SpriteName>
      <Position>
        <x>768</x>
        <y>608</y>
      </Position>
      <Size>
        <x>64</x>
        <y>64</y>
      </Size>
    </Unit>
    <Unit>
      <Type>"Platform"</Type>
      <SpriteName>"Tile6"</SpriteName>
      <Position>
        <x>832</x>
        <y>608</y>
      </Position>
      <Size>
        <x>64</x>
        <y>64</y>
      </Size>
    </Unit>
    <Unit>
      <Type>"Platform"</Type>
      <SpriteName>"Tile3"</SpriteName>
      <Position>
        <x>896</x>
        <y>608</y>
      </Position>
      <Size>
        <x>64</x>
        <y>64</y>
      </Size>
    </Unit>
    <Unit>
      <Type>"Platform"</Type>
      <SpriteName>"Tile2"</SpriteName>
      <Position>
        <x>960</x>
        <y>544</y>
      </Position>
      <Size>
        <x>64</x>
        <y>64</y>
      </Size>
    </Unit>
    <Unit>
      <Type>"Platform"</Type>
      <SpriteName>"Tile3"</SpriteName>
      <Position>
        <x>960</x>
        <y>480</y>
      </Position>
      <Size>
        <x>64</x>
        <y>64</y>
      </Size>
    </Unit>
    <Unit>
      <Type>"Platform"</Type>
      <SpriteName>"Tile2"</SpriteName>
      <Position>
        <x>1024</x>
        <y>480</y>
      </Position>
      <Size>
        <x>64</x>
        <y>64</y>
      </Size>
    </Unit>
    <Unit>
      <Type>"Platform"</Type>
      <SpriteName>"Tile4"</SpriteName>
      <Position>
        <x>1088</x>
        <y>480</y>
      </Position>
      <Size>
        <x>64</x>
        <y>64</y>
      </Size>
    </Unit>
    <Unit>
      <Type>"Platform"</Type>
      <SpriteName>"Tile3"</SpriteName>
      <Position>
        <x>1152</x>
        <y>480</y>
      </Position>
      <Size>
        <x>64</x>
        <y>64</y>
      </Size>
    </Unit>

    <Unit>
      <Type>"Door"</Type>
      <SpriteName>"Exit"</SpriteName>
      <Position>
        <x>1152</x>
        <y>352</y>
      </Position>
      <Size>
        <x>64</x>
        <y>96</y>
      </Size>
      <Solid>false</Solid>
    </Unit>

    <Unit>
      <Type>"Lava"</Type>
      <SpriteName>"LavaMiddle"</SpriteName>
      <Frames>8</Frames>
      <Speed>	60</Speed>
      <Position>
        <x>64</x>
        <y>704</y>
      </Position>
      <Size>
        <x>64</x>
        <y>64</y>
      </Size>
    </Unit>
    <Unit>
      <Type>"Lava"</Type>
      <SpriteName>"LavaMiddle"</SpriteName>
      <Frames>8</Frames>
      <Speed>	60</Speed>
      <Position>
        <x>128</x>
        <y>704</y>
      </Position>
      <Size>
        <x>64</x>
        <y>64</y>
      </Size>
    </Unit>
    <Unit>
      <Type>"Lava"</Type>
      <SpriteName>"LavaMiddle"</SpriteName>
      <Frames>8</Frames>
      <Speed>	60</Speed>
      <Position>
        <x>192</x>
        <y>704</y>
      </Position>
      <Size>
        <x>64</x>
        <y>64</y>
      </Size>
    </Unit>
    <Unit>
      <Type>"Lava"</Type>
      <SpriteName>"LavaMiddle"</SpriteName>
      <Frames>8</Frames>
      <Speed>	60</Speed>
      <Position>
        <x>256</x>
        <y>704</y>
      </Position>
      <Size>
        <x>64</x>
        <y>64</y>
      </Size>
    </Unit>
    <Unit>
      <Type>"Lava"</Type>
      <SpriteName>"LavaMiddle"</SpriteName>
      <Frames>8</Frames>
      <Speed>	60</Speed>
      <Position>
        <x>320</x>
        <y>704</y>
      </Position>
      <Size>
        <x>64</x>
        <y>64</y>
      </Size>
    </Unit>
    <Unit>
      <Type>"Lava"</Type>
      <SpriteName>"LavaMiddle"</SpriteName>
      <Frames>8</Frames>
      <Speed>	60</Speed>
      <Position>
        <x>384</x>
        <y>704</y>
      </Position>
      <Size>
        <x>64</x>
        <y>64</y>
      </Size>
    </Unit>
    <Unit>
      <Type>"Lava"</Type>
      <SpriteName>"LavaMiddle"</SpriteName>
      <Frames>8</Frames>
      <Speed>	60</Speed>
      <Position>
        <x>448</x>
        <y>704</y>
      </Position>
      <Size>
        <x>64</x>
        <y>64</y>
      </Size>
    </Unit>
    <Unit>
      <Type>"Lava"</Type>
      <SpriteName>"LavaMiddle"</SpriteName>
      <Frames>8</Frames>
      <Speed>	60</Speed>
      <Position>
        <x>512</x>
        <y>704</y>
      </Position>
      <Size>
        <x>64</x>
        <y>64</y>
      </Size>
    </Unit>
    <Unit>
      <Type>"Lava"</Type>
      <SpriteName>"LavaMiddle"</SpriteName>
      <Frames>8</Frames>
      <Speed>	60</Speed>
      <Position>
        <x>576</x>
        <y>704</y>
      </Position>
      <Size>
        <x>64</x>
        <y>64</y>
      </Size>
    </Unit>
    <Unit>
      <Type>"Lava"</Type>
      <SpriteName>"LavaMiddle"</SpriteName>
      <Frames>8</Frames>
      <Speed>	60</Speed>
      <Position>
        <x>640</x>
        <y>704</y>
      </Position>
      <Size>
        <x>64</x>
        <y>64</y>
      </Size>
    </Unit>
    <Unit>
      <Type>"Lava"</Type>
      <SpriteName>"LavaMiddle"</SpriteName>
      <Frames>8</Frames>
      <Speed>	60</Speed>
      <Position>
        <x>704</x>
        <y>704</y>
      </Position>
      <Size>
        <x>64</x>
        <y>64</y>
      </Size>
    </Unit>
    <Unit>
      <Type>"Lava"</Type>
      <SpriteName>"LavaMiddle"</SpriteName>
      <Frames>8</Frames>
      <Speed>	60</Speed>
      <Position>
        <x>768</x>
        <y>704</y>
      </Position>
      <Size>
        <x>64</x>
        <y>64</y>
      </Size>
    </Unit>
    <Unit>
      <Type>"Lava"</Type>
      <SpriteName>"LavaMiddle"</SpriteName>
      <Frames>8</Frames>
      <Speed>	60</Speed>
      <Position>
        <x>832</x>
        <y>704</y>
      </Position>
      <Size>
        <x>64</x>
        <y>64</y>
      </Size>
    </Unit>
    <Unit>
      <Type>"Lava"</Type>
      <SpriteName>"LavaMiddle"</SpriteName>
      <Frames>8</Frames>
      <Speed>	60</Speed>
      <Position>
        <x>896</x>
        <y>704</y>
      </Position>
      <Size>
        <x>64</x>
        <y>64</y>
      </Size>
    </Unit>
    <Unit>
      <Type>"Lava"</Type>
      <SpriteName>"LavaMiddle"</SpriteName>
      <Frames>8</Frames>
      <Speed>	60</Speed>
      <Position>
        <x>960</x>
        <y>704</y>
      </Position>
      <Size>
        <x>64</x>
        <y>64</y>
      </Size>
    </Unit>
    <Unit>
      <Type>"Lava"</Type>
      <SpriteName>"LavaMiddle"</SpriteName>
      <Frames>8</Frames>
      <Speed>	60</Speed>
      <Position>
        <x>1024</x>
        <y>704</y>
      </Position>
      <Size>
        <x>64</x>
        <y>64</y>
      </Size>
    </Unit>
    <Unit>
      <Type>"Lava"</Type>
      <SpriteName>"LavaMiddle"</SpriteName>
      <Frames>8</Frames>
      <Speed>	60</Speed>
      <Position>
        <x>1088</x>
        <y>704</y>
      </Position>
      <Size>
        <x>64</x>
        <y>64</y>
      </Size>
    </Unit>
    <Unit>
      <Type>"Lava"</Type>
      <SpriteName>"LavaMiddle"</SpriteName>
      <Frames>8</Frames>
      <Speed>	60</Speed>
      <Position>
        <x>1152</x>
        <y>704</y>
      </Position>
      <Size>
        <x>64</x>
        <y>64</y>
      </Size>
    </Unit>

    <Unit>
      <Type>"Ram"</Type>
      <SpriteName>"RamTop1"</SpriteName>
      <Position>
        <x>0</x>
        <y>0</y>
      </Position>
      <Size>
        <x>1280</x>
        <y>64</y>
      </Size>
    </Unit>
    <Unit>
      <Type>"Ram"</Type>
      <SpriteName>"RamTop2"</SpriteName>
      <Position>
        <x>640</x>
        <y>0</y>
      </Position>
      <Size>
        <x>1280</x>
        <y>64</y>
      </Size>
    </Unit>
    <Unit>
      <Type>"Ram"</Type>
      <SpriteName>"RamLeft1"</SpriteName>
      <Position>
        <x>0</x>
        <y>64</y>
      </Position>
      <Size>
        <x>64</x>
        <y>636</y>
      </Size>
    </Unit>
    <Unit>
      <Type>"Ram"</Type>
      <SpriteName>"RamRight1"</SpriteName>
      <Position>
        <x>1216</x>
        <y>64</y>
      </Position>
      <Size>
        <x>64</x>
        <y>636</y>
      </Size>
    </Unit>
    <Unit>
      <Type>"Ram"</Type>
      <SpriteName>"RamPipeLeft1"</SpriteName>
      <Position>
        <x>0</x>
        <y>696</y>
      </Position>
      <Size>
        <x>78</x>
        <y>72</y>
      </Size>
    </Unit>
    <Unit>
      <Type>"Ram"</Type>
      <SpriteName>"RamPipeRight1"</SpriteName>
      <Position>
        <x>1202</x>
        <y>696</y>
      </Position>
      <Size>
        <x>78</x>
        <y>72</y>
      </Size>
    </Unit>-->
  </Objects>
</Level>