<?xml version="1.0" encoding="utf-8"?>
<Level>
  <Name>"Tutorial2"</Name>
  <Backgrounds>
    <Background>
      <Frames>1</Frames>
      <Speed>120</Speed>
      <SpriteName>"BGTutorial"</SpriteName>
      <Position>
        <x>0</x>
        <y>0</y>
      </Position>
    </Background>
  </Backgrounds>

  <Objects>
    <Unit>
      <Type>"Player"</Type>
      <Position>
        <x>64</x>
        <y>384</y>
      </Position>
      <Size>
        <x>64</x>
        <y>64</y>
      </Size>
    </Unit>
    
    <Unit>
      <Type>"Platform"</Type>
      <SpriteName>"House1"</SpriteName>
      <Position>
        <x>0</x>
        <y>480</y>
      </Position>
    </Unit>
    <Unit>
      <Type>"Platform"</Type>
      <SpriteName>"House2"</SpriteName>
      <Position>
        <x>1088</x>
        <y>480</y>
      </Position>
    </Unit>
    <Unit>
      <Type>"Platform</Type>
      <SpriteName>"Ventilation"</SpriteName>
      <Position>
        <x>544</x>
        <y>352</y>
      </Position>
      <Size>
        <x>64</x>
        <y>64</y>
      </Size>
      <Behind>true</Behind>
    </Unit>
    
    <Unit>
      <Type>"Door"</Type>
      <SpriteName>"BankSign"</SpriteName>
      <Position>
        <x>1180</x>
        <y>380</y>
      </Position>
      <Size>
        <x>50</x>
        <y>100</y>
      </Size>
      <Offset>
        <x>50</x>
        <y>0</y>
      </Offset>
      <Behind>true</Behind>
      <Solid>false</Solid>
    </Unit>
    
    <Unit>
      <Type>"Unclimbable"</Type>
      <SpriteName>""</SpriteName>
      <Position>
        <x>0</x>
        <y>-64</y>
      </Position>
      <Size>
        <x>1280</x>
        <y>64</y>
      </Size>
    </Unit>
    <Unit>
      <Type>"Unclimbable"</Type>
      <SpriteName>""</SpriteName>
      <Position>
        <x>-64</x>
        <y>64</y>
      </Position>
      <Size>
        <x>64</x>
        <y>636</y>
      </Size>
    </Unit>
    <Unit>
      <Type>"Unclimbable"</Type>
      <SpriteName>""</SpriteName>
      <Position>
        <x>1280</x>
        <y>64</y>
      </Position>
      <Size>
        <x>64</x>
        <y>768</y>
      </Size>
    </Unit>

    <Unit>
      <Type>"DialogueBox"</Type>
      <Id>"TutorialBox1"</Id>
      <SpriteName>"HelpSplit"</SpriteName>
      <Position>
        <x>320</x>
        <y>96</y>
      </Position>
      <Text>""</Text>
      <Visible>false</Visible>
      <FadeIn>false</FadeIn>
    </Unit>
    <Unit>
      <Type>"DialogueBox"</Type>
      <Id>"TutorialBox2"</Id>
      <SpriteName>"HelpShift"</SpriteName>
      <Position>
        <x>640</x>
        <y>96</y>
      </Position>
      <Text>""</Text>
      <Visible>false</Visible>
      <FadeIn>false</FadeIn>
    </Unit>

    <Unit>
      <Type>Trigger</Type>
      <Position>
        <x>400</x>
        <y>473</y>
      </Position>
      <SpriteName>TriggerTutorial</SpriteName>
      <Target>TutorialBox1</Target>
      <Id>Trigger1</Id>
      <Sound>TriggerHelp</Sound>
    </Unit>
    <Unit>
      <Type>Trigger</Type>
      <Position>
        <x>720</x>
        <y>473</y>
      </Position>
      <SpriteName>TriggerTutorial</SpriteName>
      <Target>TutorialBox2</Target>
      <Id>Trigger2</Id>
      <Sound>TriggerHelp</Sound>
    </Unit>
    <Unit>
      <Type>Kill</Type>
      <Position>
        <x>0</x>
        <y>900</y>
      </Position>
      <Size>
        <x>1280</x>
        <y>10</y>
      </Size>
      <SpriteName>""</SpriteName>
      <Solid>false</Solid>
    </Unit>

    <!--<Unit>
      <Type>BGSmoke</Type>
      <Position>
        <x>0</x>
        <y>0</y>
      </Position>
      <SpriteName>BGSmoke</SpriteName>
      <Frames>4</Frames>
      <Speed>200</Speed>
      <Solid>false</Solid>
      <Behind>true</Behind>
    </Unit>-->
  </Objects>
</Level>