<?xml version="1.0" encoding="utf-8"?>
<Level>
  <Name>"Tutorial5"</Name>
  <Backgrounds>
    <Background>
      <Frames>1</Frames>
      <Speed>120</Speed>
      <SpriteName>"BankBackground1"</SpriteName>
      <Position>
        <x>0</x>
        <y>0</y>
      </Position>
    </Background>
  </Backgrounds>

  <Objects>
    <!--<Unit>
      <Type>"HelpBox"</Type>
      <SpriteName>"HelpBoxInactive"</SpriteName>
      <Position>
        <x>144</x>
        <y>418</y>
      </Position>
      <Size>
        <x>32</x>
        <y>32</y>
      </Size>
      <Solid>false</Solid>
    </Unit>
    <Unit>
      <Type>"HelpBox"</Type>
      <SpriteName>"HelpBoxInactive"</SpriteName>
      <Position>
        <x>272</x>
        <y>418</y>
      </Position>
      <Size>
        <x>32</x>
        <y>32</y>
      </Size>
      <Solid>false</Solid>
    </Unit>
    <Unit>
      <Type>"HelpBox"</Type>
      <SpriteName>"HelpBoxInactive"</SpriteName>
      <Position>
        <x>48</x>
        <y>272</y>
      </Position>
      <Size>
        <x>32</x>
        <y>32</y>
      </Size>
      <Solid>false</Solid>
    </Unit>
    <Unit>
      <Type>"HelpBox"</Type>
      <SpriteName>"HelpBoxInactive"</SpriteName>
      <Position>
        <x>432</x>
        <y>192</y>
      </Position>
      <Size>
        <x>32</x>
        <y>32</y>
      </Size>
      <Solid>false</Solid>
    </Unit>
    <Unit>
      <Type>"HelpBox"</Type>
      <SpriteName>"HelpBoxInactive"</SpriteName>
      <Position>
        <x>592</x>
        <y>192</y>
      </Position>
      <Size>
        <x>32</x>
        <y>32</y>
      </Size>
      <Solid>false</Solid>
    </Unit>
    <Unit>
      <Type>"HelpBox"</Type>
      <SpriteName>"HelpBoxInactive"</SpriteName>
      <Position>
        <x>976</x>
        <y>192</y>
      </Position>
      <Size>
        <x>32</x>
        <y>32</y>
      </Size>
      <Solid>false</Solid>
    </Unit>
    <Unit>
      <Type>"HelpBox"</Type>
      <SpriteName>"HelpBoxInactive"</SpriteName>
      <Position>
        <x>432</x>
        <y>98</y>
      </Position>
      <Size>
        <x>32</x>
        <y>32</y>
      </Size>
      <Solid>false</Solid>
    </Unit>-->

    <Unit>
      <Type>"Player"</Type>
      <Position>
        <x>64</x>
        <y>384</y>
      </Position>
      <Size>
        <x>64</x>
        <y>64</y>
      </Size>
    </Unit>

    <!--<Unit>
      <Type>"Platform"</Type>
      <SpriteName>"Tile2"</SpriteName>
      <Position>
        <x>64</x>
        <y>480</y>
      </Position>
      <Size>
        <x>64</x>
        <y>64</y>
      </Size>
    </Unit>
    <Unit>
      <Type>"Platform"</Type>
      <SpriteName>"Tile3"</SpriteName>
      <Position>
        <x>128</x>
        <y>480</y>
      </Position>
      <Size>
        <x>64</x>
        <y>64</y>
      </Size>
    </Unit>
    <Unit>
      <Type>"Platform"</Type>
      <SpriteName>"Tile4"</SpriteName>
      <Position>
        <x>192</x>
        <y>480</y>
      </Position>
      <Size>
        <x>64</x>
        <y>64</y>
      </Size>
    </Unit>
    <Unit>
      <Type>"Platform"</Type>
      <SpriteName>"Tile6"</SpriteName>
      <Position>
        <x>256</x>
        <y>480</y>
      </Position>
      <Size>
        <x>64</x>
        <y>64</y>
      </Size>
    </Unit>
    <Unit>
      <Type>"Platform"</Type>
      <SpriteName>"Tile3"</SpriteName>
      <Position>
        <x>576</x>
        <y>480</y>
      </Position>
      <Size>
        <x>64</x>
        <y>64</y>
      </Size>
    </Unit>
    <Unit>
      <Type>"Platform"</Type>
      <SpriteName>"Tile3"</SpriteName>
      <Position>
        <x>640</x>
        <y>480</y>
      </Position>
      <Size>
        <x>64</x>
        <y>64</y>
      </Size>
    </Unit>
    <Unit>
      <Type>"Platform"</Type>
      <SpriteName>"Tile6"</SpriteName>
      <Position>
        <x>704</x>
        <y>480</y>
      </Position>
      <Size>
        <x>64</x>
        <y>64</y>
      </Size>
    </Unit>
    <Unit>
      <Type>"Platform"</Type>
      <SpriteName>"Tile3"</SpriteName>
      <Position>
        <x>768</x>
        <y>480</y>
      </Position>
      <Size>
        <x>64</x>
        <y>64</y>
      </Size>
    </Unit>
    <Unit>
      <Type>"Platform"</Type>
      <SpriteName>"Tile6"</SpriteName>
      <Position>
        <x>832</x>
        <y>480</y>
      </Position>
      <Size>
        <x>64</x>
        <y>64</y>
      </Size>
    </Unit>
    <Unit>
      <Type>"Platform"</Type>
      <SpriteName>"Tile2"</SpriteName>
      <Position>
        <x>896</x>
        <y>480</y>
      </Position>
      <Size>
        <x>64</x>
        <y>64</y>
      </Size>
    </Unit>
    <Unit>
      <Type>"Platform"</Type>
      <SpriteName>"Tile4"</SpriteName>
      <Position>
        <x>960</x>
        <y>480</y>
      </Position>
      <Size>
        <x>64</x>
        <y>64</y>
      </Size>
    </Unit>
    <Unit>
      <Type>"Platform"</Type>
      <SpriteName>"Tile6"</SpriteName>
      <Position>
        <x>1024</x>
        <y>480</y>
      </Position>
      <Size>
        <x>64</x>
        <y>64</y>
      </Size>
    </Unit>
    <Unit>
      <Type>"Platform"</Type>
      <SpriteName>"Tile4"</SpriteName>
      <Position>
        <x>1088</x>
        <y>480</y>
      </Position>
      <Size>
        <x>64</x>
        <y>64</y>
      </Size>
    </Unit>
    <Unit>
      <Type>"Platform"</Type>
      <SpriteName>"Tile8"</SpriteName>
      <Position>
        <x>1152</x>
        <y>480</y>
      </Position>
      <Size>
        <x>64</x>
        <y>64</y>
      </Size>
    </Unit>

    <Unit>
      <Type>"Platform"</Type>
      <SpriteName>"Tile1"</SpriteName>
      <Position>
        <x>64</x>
        <y>160</y>
      </Position>
      <Size>
        <x>64</x>
        <y>64</y>
      </Size>
    </Unit>
    <Unit>
      <Type>"Platform"</Type>
      <SpriteName>"Tile1"</SpriteName>
      <Position>
        <x>128</x>
        <y>160</y>
      </Position>
      <Size>
        <x>64</x>
        <y>64</y>
      </Size>
    </Unit>
    <Unit>
      <Type>"Platform"</Type>
      <SpriteName>"Tile1"</SpriteName>
      <Position>
        <x>192</x>
        <y>160</y>
      </Position>
      <Size>
        <x>64</x>
        <y>64</y>
      </Size>
    </Unit>
    <Unit>
      <Type>"Platform"</Type>
      <SpriteName>"Tile1"</SpriteName>
      <Position>
        <x>256</x>
        <y>160</y>
      </Position>
      <Size>
        <x>64</x>
        <y>64</y>
      </Size>
    </Unit>
    <Unit>
      <Type>"Platform"</Type>
      <SpriteName>"Tile1"</SpriteName>
      <Position>
        <x>320</x>
        <y>160</y>
      </Position>
      <Size>
        <x>64</x>
        <y>64</y>
      </Size>
    </Unit>
    <Unit>
      <Type>"Platform"</Type>
      <SpriteName>"Tile4"</SpriteName>
      <Position>
        <x>384</x>
        <y>160</y>
      </Position>
      <Size>
        <x>64</x>
        <y>64</y>
      </Size>
    </Unit>
    <Unit>
      <Type>"Platform"</Type>
      <SpriteName>"Tile8"</SpriteName>
      <Position>
        <x>448</x>
        <y>160</y>
      </Position>
      <Size>
        <x>64</x>
        <y>64</y>
      </Size>
    </Unit>
    <Unit>
      <Type>"Platform"</Type>
      <SpriteName>"Tile3"</SpriteName>
      <Position>
        <x>512</x>
        <y>160</y>
      </Position>
      <Size>
        <x>64</x>
        <y>64</y>
      </Size>
    </Unit>
    <Unit>
      <Type>"Platform"</Type>
      <SpriteName>"Tile3"</SpriteName>
      <Position>
        <x>576</x>
        <y>160</y>
      </Position>
      <Size>
        <x>64</x>
        <y>64</y>
      </Size>
    </Unit>
    <Unit>
      <Type>"Platform"</Type>
      <SpriteName>"Tile4"</SpriteName>
      <Position>
        <x>640</x>
        <y>160</y>
      </Position>
      <Size>
        <x>64</x>
        <y>64</y>
      </Size>
    </Unit>
    <Unit>
      <Type>"Platform"</Type>
      <SpriteName>"Tile6"</SpriteName>
      <Position>
        <x>704</x>
        <y>160</y>
      </Position>
      <Size>
        <x>64</x>
        <y>64</y>
      </Size>
    </Unit>
    <Unit>
      <Type>"Platform"</Type>
      <SpriteName>"Tile3"</SpriteName>
      <Position>
        <x>768</x>
        <y>160</y>
      </Position>
      <Size>
        <x>64</x>
        <y>64</y>
      </Size>
    </Unit>
    <Unit>
      <Type>"Platform"</Type>
      <SpriteName>"Tile6"</SpriteName>
      <Position>
        <x>832</x>
        <y>160</y>
      </Position>
      <Size>
        <x>64</x>
        <y>64</y>
      </Size>
    </Unit>
    <Unit>
      <Type>"Platform"</Type>
      <SpriteName>"Tile2"</SpriteName>
      <Position>
        <x>896</x>
        <y>160</y>
      </Position>
      <Size>
        <x>64</x>
        <y>64</y>
      </Size>
    </Unit>
    <Unit>
      <Type>"Platform"</Type>
      <SpriteName>"Tile4"</SpriteName>
      <Position>
        <x>960</x>
        <y>160</y>
      </Position>
      <Size>
        <x>64</x>
        <y>64</y>
      </Size>
    </Unit>-->

    <Unit>
      <Type>"DialogueBox"</Type>
      <Id>"TutorialBox1"</Id>
      <SpriteName>"HelpClimb"</SpriteName>
      <Position>
        <x>288</x>
        <y>256</y>
      </Position>
      <Text>""</Text>
      <Visible>false</Visible>
      <FadeIn>false</FadeIn>
    </Unit>

    <Unit>
      <Type>Trigger</Type>
      <Position>
        <x>140</x>
        <y>472</y>
      </Position>
      <SpriteName>TriggerTutorial</SpriteName>
      <Target>TutorialBox1</Target>
      <Id>Trigger1</Id>
      <Sound>TriggerHelp</Sound>
    </Unit>

    <Unit>
      <Type>"Door"</Type>
      <SpriteName>"BankVaultSign"</SpriteName>
      <Position>
        <x>1116</x>
        <y>380</y>
      </Position>
      <Size>
        <x>32</x>
        <y>96</y>
      </Size>
      <Offset>
        <x>50</x>
        <y>0</y>
      </Offset>
      <Behind>true</Behind>
      <Solid>false</Solid>
    </Unit>

    <!--<Unit>
      <Type>"Lava"</Type>
      <SpriteName>"LavaMiddle"</SpriteName>
      <Frames>8</Frames>
      <Speed>	60</Speed>
      <Position>
        <x>64</x>
        <y>704</y>
      </Position>
      <Size>
        <x>64</x>
        <y>64</y>
      </Size>
    </Unit>
    <Unit>
      <Type>"Lava"</Type>
      <SpriteName>"LavaMiddle"</SpriteName>
      <Frames>8</Frames>
      <Speed>	60</Speed>
      <Position>
        <x>128</x>
        <y>704</y>
      </Position>
      <Size>
        <x>64</x>
        <y>64</y>
      </Size>
    </Unit>
    <Unit>
      <Type>"Lava"</Type>
      <SpriteName>"LavaMiddle"</SpriteName>
      <Frames>8</Frames>
      <Speed>	60</Speed>
      <Position>
        <x>192</x>
        <y>704</y>
      </Position>
      <Size>
        <x>64</x>
        <y>64</y>
      </Size>
    </Unit>
    <Unit>
      <Type>"Lava"</Type>
      <SpriteName>"LavaMiddle"</SpriteName>
      <Frames>8</Frames>
      <Speed>	60</Speed>
      <Position>
        <x>256</x>
        <y>704</y>
      </Position>
      <Size>
        <x>64</x>
        <y>64</y>
      </Size>
    </Unit>
    <Unit>
      <Type>"Lava"</Type>
      <SpriteName>"LavaMiddle"</SpriteName>
      <Frames>8</Frames>
      <Speed>	60</Speed>
      <Position>
        <x>320</x>
        <y>704</y>
      </Position>
      <Size>
        <x>64</x>
        <y>64</y>
      </Size>
    </Unit>
    <Unit>
      <Type>"Lava"</Type>
      <SpriteName>"LavaMiddle"</SpriteName>
      <Frames>8</Frames>
      <Speed>	60</Speed>
      <Position>
        <x>384</x>
        <y>704</y>
      </Position>
      <Size>
        <x>64</x>
        <y>64</y>
      </Size>
    </Unit>
    <Unit>
      <Type>"Lava"</Type>
      <SpriteName>"LavaMiddle"</SpriteName>
      <Frames>8</Frames>
      <Speed>	60</Speed>
      <Position>
        <x>448</x>
        <y>704</y>
      </Position>
      <Size>
        <x>64</x>
        <y>64</y>
      </Size>
    </Unit>
    <Unit>
      <Type>"Lava"</Type>
      <SpriteName>"LavaMiddle"</SpriteName>
      <Frames>8</Frames>
      <Speed>	60</Speed>
      <Position>
        <x>512</x>
        <y>704</y>
      </Position>
      <Size>
        <x>64</x>
        <y>64</y>
      </Size>
    </Unit>
    <Unit>
      <Type>"Lava"</Type>
      <SpriteName>"LavaMiddle"</SpriteName>
      <Frames>8</Frames>
      <Speed>	60</Speed>
      <Position>
        <x>576</x>
        <y>704</y>
      </Position>
      <Size>
        <x>64</x>
        <y>64</y>
      </Size>
    </Unit>
    <Unit>
      <Type>"Lava"</Type>
      <SpriteName>"LavaMiddle"</SpriteName>
      <Frames>8</Frames>
      <Speed>	60</Speed>
      <Position>
        <x>640</x>
        <y>704</y>
      </Position>
      <Size>
        <x>64</x>
        <y>64</y>
      </Size>
    </Unit>
    <Unit>
      <Type>"Lava"</Type>
      <SpriteName>"LavaMiddle"</SpriteName>
      <Frames>8</Frames>
      <Speed>	60</Speed>
      <Position>
        <x>704</x>
        <y>704</y>
      </Position>
      <Size>
        <x>64</x>
        <y>64</y>
      </Size>
    </Unit>
    <Unit>
      <Type>"Lava"</Type>
      <SpriteName>"LavaMiddle"</SpriteName>
      <Frames>8</Frames>
      <Speed>	60</Speed>
      <Position>
        <x>768</x>
        <y>704</y>
      </Position>
      <Size>
        <x>64</x>
        <y>64</y>
      </Size>
    </Unit>
    <Unit>
      <Type>"Lava"</Type>
      <SpriteName>"LavaMiddle"</SpriteName>
      <Frames>8</Frames>
      <Speed>	60</Speed>
      <Position>
        <x>832</x>
        <y>704</y>
      </Position>
      <Size>
        <x>64</x>
        <y>64</y>
      </Size>
    </Unit>
    <Unit>
      <Type>"Lava"</Type>
      <SpriteName>"LavaMiddle"</SpriteName>
      <Frames>8</Frames>
      <Speed>	60</Speed>
      <Position>
        <x>896</x>
        <y>704</y>
      </Position>
      <Size>
        <x>64</x>
        <y>64</y>
      </Size>
    </Unit>
    <Unit>
      <Type>"Lava"</Type>
      <SpriteName>"LavaMiddle"</SpriteName>
      <Frames>8</Frames>
      <Speed>	60</Speed>
      <Position>
        <x>960</x>
        <y>704</y>
      </Position>
      <Size>
        <x>64</x>
        <y>64</y>
      </Size>
    </Unit>
    <Unit>
      <Type>"Lava"</Type>
      <SpriteName>"LavaMiddle"</SpriteName>
      <Frames>8</Frames>
      <Speed>	60</Speed>
      <Position>
        <x>1024</x>
        <y>704</y>
      </Position>
      <Size>
        <x>64</x>
        <y>64</y>
      </Size>
    </Unit>
    <Unit>
      <Type>"Lava"</Type>
      <SpriteName>"LavaMiddle"</SpriteName>
      <Frames>8</Frames>
      <Speed>	60</Speed>
      <Position>
        <x>1088</x>
        <y>704</y>
      </Position>
      <Size>
        <x>64</x>
        <y>64</y>
      </Size>
    </Unit>
    <Unit>
      <Type>"Lava"</Type>
      <SpriteName>"LavaMiddle"</SpriteName>
      <Frames>8</Frames>
      <Speed>	60</Speed>
      <Position>
        <x>1152</x>
        <y>704</y>
      </Position>
      <Size>
        <x>64</x>
        <y>64</y>
      </Size>
    </Unit>-->

    <Unit>
      <Type>"Laser"</Type>
      <Position>
        <x>192</x>
        <y>224</y>
      </Position>
      <Id>"LaserYellow1"</Id>
      <Active>true</Active>
      <Length>256</Length>
      <Rotation>0</Rotation>
      <Color>"Yellow"</Color>
      <VisibilityRange>100</VisibilityRange>
    </Unit>
    <Unit>
      <Type>"Laser"</Type>
      <Position>
        <x>608</x>
        <y>224</y>
      </Position>
      <Id>"LaserBlue1"</Id>
      <Active>true</Active>
      <Length>256</Length>
      <Rotation>0</Rotation>
      <Color>"Blue"</Color>
      <VisibilityRange>100</VisibilityRange>
    </Unit>

    <Unit>
      <Type>"Platform"</Type>
      <SpriteName>"BankFloor"</SpriteName>
      <Position>
        <x>64</x>
        <y>480</y>
      </Position>
    </Unit>
    <!--<Unit>
      <Type>"Light"</Type>
      <SpriteName>"BankLight"</SpriteName>
      <Position>
        <x>768</x>
        <y>224</y>
      </Position>
      <Solid>false</Solid>
      <Behind>true</Behind>
    </Unit>-->
    <Unit>
      <Type>"Platform"</Type>
      <SpriteName>"BankBalcony"</SpriteName>
      <Position>
        <x>64</x>
        <y>124</y>
      </Position>
    </Unit>

    <Unit>
      <Type>"LaserDeactivator"</Type>
      <Position>
        <x>256</x>
        <y>216</y>
      </Position>
      <SpriteName>"YellowButtonAni"</SpriteName>
      <Id>"LaserTriggerYellow"</Id>
      <Target>"LaserYellow1"</Target>
      <Rotation>180</Rotation>
    </Unit>
    <Unit>
      <Type>"LaserDeactivator"</Type>
      <Position>
        <x>672</x>
        <y>472</y>
      </Position>
      <SpriteName>"BlueButtonAni"</SpriteName>
      <Id>"LaserTriggerBlue"</Id>
      <Target>"LaserBlue1"</Target>
      <Rotation>0</Rotation>
    </Unit>
    
    <Unit>
      <Type>"Ram"</Type>
      <SpriteName>"BankRam1"</SpriteName>
      <Position>
        <x>0</x>
        <y>0</y>
      </Position>
    </Unit>
    <Unit>
      <Type>"Ram"</Type>
      <SpriteName>"BankRam2"</SpriteName>
      <Position>
        <x>1216</x>
        <y>0</y>
      </Position>
    </Unit>

  </Objects>
</Level>