<?xml version="1.0"?>
<Level>
	<Name>&quot;Test Bana&quot;</Name>
	<Backgrounds>
		<Background>
			<SpriteName>&quot;BGTutorial&quot;</SpriteName>
			<Frames>1</Frames>
			<Speed>120</Speed>
			<Position>
				<x>0</x>
				<y>0</y>
			</Position>
		</Background>
	</Backgrounds>
	<Objects>
		<Unit>
			<Type>&quot;Player&quot;</Type>
			<Position>
				<x>64</x>
				<y>384</y>
			</Position>
		</Unit>

    <Unit>
      <Type>Checkpoint</Type>
      <SpriteName>CheckpointAnim</SpriteName>
      <Position>
        <x>608</x>
        <y>352</y>
      </Position>
      <Size>
        <x>40</x>
        <y>58</y>
      </Size>
      <Offset>
        <x>12</x>
        <y>6</y>
      </Offset>
    </Unit>

    <Unit>
      <Type>"DialogueBox"</Type>
      <Id>"TutorialBox1"</Id>
      <SpriteName>"HelpLaser1"</SpriteName>
      <Position>
        <x>64</x>
        <y>64</y>
      </Position>
      <Text>""</Text>
      <Visible>false</Visible>
      <FadeIn>false</FadeIn>
    </Unit>
    <Unit>
      <Type>Trigger</Type>
      <Position>
        <x>132</x>
        <y>473</y>
      </Position>
      <SpriteName>TriggerTutorial</SpriteName>
      <Target>TutorialBox1</Target>
      <Id>Trigger1</Id>
      <Sound>TriggerHelp</Sound>
    </Unit>

    <Unit>
      <Type>"DialogueBox"</Type>
      <Id>"TutorialBox2"</Id>
      <SpriteName>"HelpCheckpoint"</SpriteName>
      <Position>
        <x>544</x>
        <y>64</y>
      </Position>
      <Text>""</Text>
      <Visible>false</Visible>
      <FadeIn>false</FadeIn>
    </Unit>
    <Unit>
      <Type>Trigger</Type>
      <Position>
        <x>512</x>
        <y>473</y>
      </Position>
      <SpriteName>TriggerTutorial</SpriteName>
      <Target>TutorialBox2</Target>
      <Id>Trigger1</Id>
      <Sound>TriggerHelp</Sound>
    </Unit>

    <Unit>
      <Type>"DialogueBox"</Type>
      <Id>"TutorialBox3"</Id>
      <SpriteName>"HelpLaser2"</SpriteName>
      <Position>
        <x>960</x>
        <y>64</y>
      </Position>
      <Text>""</Text>
      <Visible>false</Visible>
      <FadeIn>false</FadeIn>
    </Unit>
    <Unit>
      <Type>Trigger</Type>
      <Position>
        <x>928</x>
        <y>473</y>
      </Position>
      <SpriteName>TriggerTutorial</SpriteName>
      <Target>TutorialBox3</Target>
      <Id>Trigger1</Id>
      <Sound>TriggerHelp</Sound>
    </Unit>

    <Unit>
      <Type>"Laser"</Type>
      <Position>
        <x>256</x>
        <y>448</y>
      </Position>
      <Id>"LaserYellow1"</Id>
      <Active>true</Active>
      <Length>32</Length>
      <Rotation>0</Rotation>
      <Color>"Yellow"</Color>
      <VisibilityRange>100</VisibilityRange>
    </Unit>
    <Unit>
      <Type>"Laser"</Type>
      <Position>
        <x>256</x>
        <y>288</y>
      </Position>
      <Id>"LaserRed1"</Id>
      <Active>true</Active>
      <Length>128</Length>
      <Rotation>0</Rotation>
      <Color>"Red"</Color>
      <VisibilityRange>100</VisibilityRange>
    </Unit>
    <Unit>
      <Type>"Laser"</Type>
      <Position>
        <x>1056</x>
        <y>288</y>
      </Position>
      <Id>"LaserBlue1"</Id>
      <Active>true</Active>
      <Length>128</Length>
      <Rotation>0</Rotation>
      <Color>"Blue"</Color>
      <VisibilityRange>100</VisibilityRange>
    </Unit>

    <Unit>
      <Type>"LaserDeactivator"</Type>
      <Position>
        <x>352</x>
        <y>472</y>
      </Position>
      <SpriteName>"RedButtonAni"</SpriteName>
      <Id>"LaserTriggerRed"</Id>
      <Target>"LaserRed1"</Target>
      <Rotation>0</Rotation>
    </Unit>

    <Unit>
      <Type>"LaserDeactivator"</Type>
      <Position>
        <x>1152</x>
        <y>472</y>
      </Position>
      <SpriteName>"BlueButtonAni"</SpriteName>
      <Id>"LaserTriggerYellow"</Id>
      <Target>"LaserBlue1"</Target>
      <Rotation>0</Rotation>
    </Unit>
    
		<Unit>
			<Type>&quot;Platform&quot;</Type>
			<SpriteName>&quot;House7&quot;</SpriteName>
			<Position>
				<x>0</x>
				<y>480</y>
			</Position>
		</Unit>
		<Unit>
			<Type>&quot;Platform&quot;</Type>
			<SpriteName>&quot;House1&quot;</SpriteName>
			<Position>
				<x>448</x>
				<y>480</y>
			</Position>
		</Unit>
    <Unit>
      <Type>"Door"</Type>
      <SpriteName>"BankSign"</SpriteName>
      <Position>
        <x>1180</x>
        <y>380</y>
      </Position>
      <Size>
        <x>50</x>
        <y>100</y>
      </Size>
      <Offset>
        <x>50</x>
        <y>0</y>
      </Offset>
      <Behind>true</Behind>
      <Solid>false</Solid>
    </Unit>
    
    <Unit>
      <Type>Graphic</Type>
      <SpriteName>TutorialSpecielTile1</SpriteName>
      <Position>
        <x>224</x>
        <y>256</y>
      </Position>
      <Solid>false</Solid>
      <Behind>true</Behind>
    </Unit>
    <Unit>
      <Type>Graphic</Type>
      <SpriteName>TutorialSpecielTile2</SpriteName>
      <Position>
        <x>1024</x>
        <y>256</y>
      </Position>
      <Solid>false</Solid>
      <Behind>true</Behind>
    </Unit>
		<Unit>
			<Type>&quot;Platform&quot;</Type>
			<SpriteName>&quot;TutorialWideTile&quot;</SpriteName>
			<Position>
				<x>224</x>
				<y>416</y>
			</Position>
		</Unit>
		<Unit>
			<Type>&quot;Platform&quot;</Type>
			<SpriteName>&quot;TutorialWideTile&quot;</SpriteName>
			<Position>
				<x>224</x>
				<y>256</y>
			</Position>
		</Unit>
		<Unit>
			<Type>&quot;Platform&quot;</Type>
			<SpriteName>&quot;TutorialBigTile&quot;</SpriteName>
			<Position>
				<x>608</x>
				<y>416</y>
			</Position>
		</Unit>
		<Unit>
			<Type>&quot;Platform&quot;</Type>
			<SpriteName>&quot;TutorialWideTile&quot;</SpriteName>
			<Position>
				<x>1024</x>
				<y>256</y>
			</Position>
		</Unit>
		<Unit>
			<Type>&quot;Platform&quot;</Type>
			<SpriteName>&quot;TutorialBigTile&quot;</SpriteName>
			<Position>
				<x>1024</x>
				<y>416</y>
			</Position>
		</Unit>
    <Unit>
      <Type>Unclimbable</Type>
      <Position>
        <x>-64</x>
        <y>0</y>
      </Position>
      <Size>
        <x>64</x>
        <y>768</y>
      </Size>
      <SpriteName>""</SpriteName>
    </Unit>
    <Unit>
      <Type>Unclimbable</Type>
      <Position>
        <x>0</x>
        <y>-64</y>
      </Position>
      <Size>
        <x>1280</x>
        <y>64</y>
      </Size>
      <SpriteName>""</SpriteName>
    </Unit>
    <Unit>
      <Type>Unclimbable</Type>
      <Position>
        <x>1280</x>
        <y>0</y>
      </Position>
      <Size>
        <x>64</x>
        <y>768</y>
      </Size>
      <SpriteName>""</SpriteName>
    </Unit>
    <Unit>
      <Type>Kill</Type>
      <Position>
        <x>0</x>
        <y>900</y>
      </Position>
      <Size>
        <x>1280</x>
        <y>10</y>
      </Size>>
      <SpriteName>""</SpriteName>
      <Solid>false</Solid>
    </Unit>
	</Objects>
</Level>

