<?xml version="1.0"?>
<Level>
	<Name>&quot;Test Bana&quot;</Name>
	<Backgrounds>
		<Background>
			<SpriteName>&quot;BGTutorial&quot;</SpriteName>
			<Frames>1</Frames>
			<Speed>120</Speed>
			<Position>
				<x>0</x>
				<y>0</y>
			</Position>
		</Background>
	</Backgrounds>
	<Objects>
		<Unit>
			<Type>&quot;Player&quot;</Type>
			<Position>
				<x>64</x>
				<y>384</y>
			</Position>
		</Unit>

    <Unit>
      <Type>Checkpoint</Type>
      <SpriteName>CheckpointAnim</SpriteName>
      <Position>
        <x>384</x>
        <y>416</y>
      </Position>
      <Size>
        <x>40</x>
        <y>58</y>
      </Size>
      <Offset>
        <x>12</x>
        <y>6</y>
      </Offset>
    </Unit>

    <Unit>
      <Type>"Laser"</Type>
      <Position>
        <x>608</x>
        <y>384</y>
      </Position>
      <Id>"LaserYellow1"</Id>
      <Active>true</Active>
      <Length>96</Length>
      <Rotation>0</Rotation>
      <Color>"Yellow"</Color>
      <VisibilityRange>100</VisibilityRange>
    </Unit>

    <Unit>
      <Type>"LaserDeactivator"</Type>
      <Position>
        <x>600</x>
        <y>312</y>
      </Position>
      <SpriteName>"YellowButtonAni"</SpriteName>
      <Id>"LaserTriggerYellow"</Id>
      <Target>"LaserYellow1"</Target>
      <Rotation>0</Rotation>
    </Unit>

    <Unit>
      <Type>"DialogueBox"</Type>
      <Id>"TutorialBox1"</Id>
      <SpriteName>"HelpFuel"</SpriteName>
      <Position>
        <x>512</x>
        <y>32</y>
      </Position>
      <Text>""</Text>
      <Visible>false</Visible>
      <FadeIn>false</FadeIn>
    </Unit>
    <Unit>
      <Type>Trigger</Type>
      <Position>
        <x>480</x>
        <y>473</y>
      </Position>
      <SpriteName>TriggerTutorial</SpriteName>
      <Target>TutorialBox1</Target>
      <Id>Trigger1</Id>
      <Sound>TriggerHelp</Sound>
    </Unit>

    <Unit>
      <Type>"DialogueBox"</Type>
      <Id>"TutorialBox2"</Id>
      <SpriteName>"HelpRocket"</SpriteName>
      <Position>
        <x>224</x>
        <y>96</y>
      </Position>
      <Text>""</Text>
      <Visible>false</Visible>
      <FadeIn>false</FadeIn>
    </Unit>
    <Unit>
      <Type>Trigger</Type>
      <Position>
        <x>320</x>
        <y>473</y>
      </Position>
      <SpriteName>TriggerTutorial</SpriteName>
      <Target>TutorialBox2</Target>
      <Id>Trigger1</Id>
      <Sound>TriggerHelp</Sound>
    </Unit>
    
		<Unit>
			<Type>&quot;Kill&quot;</Type>
			<SpriteName>&quot;&quot;</SpriteName>
			<Position>
				<x>0</x>
				<y>768</y>
			</Position>
			<Size>
				<x>0</x>
				<y>768</y>
			</Size>
			<Solid>&quot;false&quot;</Solid>
		</Unit>
		<Unit>
			<Type>&quot;Platform&quot;</Type>
			<SpriteName>&quot;House2&quot;</SpriteName>
			<Position>
				<x>1088</x>
				<y>480</y>
			</Position>
		</Unit>
		<Unit>
			<Type>&quot;Platform&quot;</Type>
			<SpriteName>&quot;House3&quot;</SpriteName>
			<Position>
				<x>-128</x>
				<y>480</y>
			</Position>
		</Unit>
		<Unit>
			<Type>&quot;Platform&quot;</Type>
			<SpriteName>&quot;House6&quot;</SpriteName>
			<Position>
				<x>320</x>
				<y>480</y>
			</Position>
		</Unit>
		<Unit>
			<Type>&quot;Platform&quot;</Type>
			<SpriteName>&quot;House3&quot;</SpriteName>
			<Position>
				<x>640</x>
				<y>480</y>
			</Position>
		</Unit>
		<Unit>
			<Type>&quot;IntePlatform&quot;</Type>
			<SpriteName>&quot;TutorialSpecielTile3&quot;</SpriteName>
			<Position>
				<x>576</x>
				<y>320</y>
			</Position>
      <Size>
        <x>64</x>
        <y>64</y>
      </Size>
      <Behind>true</Behind>
		</Unit>
    <Unit>
      <Type>"Door"</Type>
      <SpriteName>"BankSign"</SpriteName>
      <Position>
        <x>1180</x>
        <y>380</y>
      </Position>
      <Size>
        <x>50</x>
        <y>100</y>
      </Size>
      <Offset>
        <x>50</x>
        <y>0</y>
      </Offset>
      <Behind>true</Behind>
      <Solid>false</Solid>
    </Unit>
    <Unit>
      <Type>Unclimbable</Type>
      <Position>
        <x>-64</x>
        <y>0</y>
      </Position>
      <Size>
        <x>64</x>
        <y>768</y>
      </Size>
      <SpriteName>""</SpriteName>
    </Unit>
    <Unit>
      <Type>Unclimbable</Type>
      <Position>
        <x>0</x>
        <y>-64</y>
      </Position>
      <Size>
        <x>1280</x>
        <y>64</y>
      </Size>
      <SpriteName>""</SpriteName>
    </Unit>
    <Unit>
      <Type>Unclimbable</Type>
      <Position>
        <x>1280</x>
        <y>0</y>
      </Position>
      <Size>
        <x>64</x>
        <y>768</y>
      </Size>
      <SpriteName>""</SpriteName>
    </Unit>
    <Unit>
      <Type>Kill</Type>
      <Position>
        <x>0</x>
        <y>900</y>
      </Position>
      <Size>
        <x>1280</x>
        <y>10</y>
      </Size>>
      <SpriteName>""</SpriteName>
      <Solid>false</Solid>
    </Unit>
	</Objects>
</Level>

