<?xml version="1.0" encoding="utf-8"?>
<Level>
  <Name>"Tutorial7"</Name>
  <Backgrounds>
    <Background>
      <Frames>1</Frames>
      <Speed>120</Speed>
      <SpriteName>"BankBackground4"</SpriteName>
      <Position>
        <x>0</x>
        <y>0</y>
      </Position>
    </Background>
  </Backgrounds>

  <Objects>
    <Unit>
      <Type>"Player"</Type>
      <Position>
        <x>64</x>
        <y>384</y>
      </Position>
      <Size>
        <x>64</x>
        <y>64</y>
      </Size>
    </Unit>

    <!--<Unit>
      <Type>"Light"</Type>
      <SpriteName>"BankLight"</SpriteName>
      <Position>
        <x>512</x>
        <y>224</y>
      </Position>
      <Solid>false</Solid>
      <Behind>true</Behind>
    </Unit>-->
    
    <Unit>
      <Type>"DialogueBox"</Type>
      <Id>"TutorialBox1"</Id>
      <SpriteName>"HelpAntiMagnet"</SpriteName>
      <Position>
        <x>288</x>
        <y>256</y>
      </Position>
      <Text>""</Text>
      <Visible>false</Visible>
      <FadeIn>false</FadeIn>
    </Unit>

    <Unit>
      <Type>Trigger</Type>
      <Position>
        <x>140</x>
        <y>472</y>
      </Position>
      <SpriteName>TriggerTutorial</SpriteName>
      <Target>TutorialBox1</Target>
      <Id>Trigger1</Id>
      <Sound>TriggerHelp</Sound>
    </Unit>

    <Unit>
      <Type>"Laser"</Type>
      <Position>
        <x>736</x>
        <y>224</y>
      </Position>
      <Id>"LaserRed1"</Id>
      <Active>true</Active>
      <Length>288</Length>
      <Rotation>0</Rotation>
      <Color>"Red"</Color>
      <VisibilityRange>100</VisibilityRange>
    </Unit>
    <Unit>
      <Type>"Laser"</Type>
      <Position>
        <x>730</x>
        <y>480</y>
      </Position>
      <Id>"LaserRed2"</Id>
      <Active>true</Active>
      <Length>288</Length>
      <Rotation>180</Rotation>
      <Color>"Red"</Color>
      <VisibilityRange>100</VisibilityRange>
    </Unit>

    <Unit>
      <Type>"LaserDeactivator"</Type>
      <Position>
        <x>672</x>
        <y>472</y>
      </Position>
      <SpriteName>"RedButtonAni"</SpriteName>
      <Id>"LaserTriggerRed"</Id>
      <Target>"LaserRed1"</Target>
      <Rotation>0</Rotation>
    </Unit>
    <Unit>
      <Type>"LaserDeactivator"</Type>
      <Position>
        <x>672</x>
        <y>472</y>
      </Position>
      <SpriteName>"RedButtonAni"</SpriteName>
      <Id>"LaserTriggerRed"</Id>
      <Target>"LaserRed2"</Target>
      <Rotation>0</Rotation>
    </Unit>

    <Unit>
      <Type>"Platform"</Type>
      <SpriteName>"BankFloor3"</SpriteName>
      <Position>
        <x>64</x>
        <y>480</y>
      </Position>
    </Unit>
    <Unit>
      <Type>"Platform"</Type>
      <SpriteName>"BankFloor4"</SpriteName>
      <Position>
        <x>256</x>
        <y>576</y>
      </Position>
    </Unit>
    <Unit>
      <Type>"Platform"</Type>
      <SpriteName>"BankFloor5"</SpriteName>
      <Position>
        <x>384</x>
        <y>480</y>
      </Position>
    </Unit>
    <Unit>
      <Type>"Platform"</Type>
      <SpriteName>"BankFloor6"</SpriteName>
      <Position>
        <x>960</x>
        <y>480</y>
      </Position>
    </Unit>
    <Unit>
      <Type>"Platform"</Type>
      <SpriteName>"BankBalcony"</SpriteName>
      <Position>
        <x>64</x>
        <y>124</y>
      </Position>
    </Unit>
    


    <Unit>
      <Type>"Door"</Type>
      <SpriteName>"BankVault"</SpriteName>
      <Position>
        <x>1000</x>
        <y>280</y>
      </Position>
      <Size>
        <x>100</x>
        <y>200</y>
      </Size>
      <Offset>
        <x>100</x>
        <y>0</y>
      </Offset>
      <Solid>false</Solid>
      <Behind>true</Behind>
    </Unit>

    <Unit>
      <Type>"AntiMagnet"</Type>
      <SpriteName>"AntiMagnet"</SpriteName>
      <Position>
        <x>64</x>
        <y>224</y>
      </Position>
    </Unit>
    <Unit>
      <Type>"AntiMagnet"</Type>
      <SpriteName>"AntiMagnet"</SpriteName>
      <Position>
        <x>128</x>
        <y>224</y>
      </Position>
    </Unit>
    <Unit>
      <Type>"AntiMagnet"</Type>
      <SpriteName>"AntiMagnet"</SpriteName>
      <Position>
        <x>192</x>
        <y>224</y>
      </Position>
    </Unit>
    <Unit>
      <Type>"AntiMagnet"</Type>
      <SpriteName>"AntiMagnet"</SpriteName>
      <Position>
        <x>256</x>
        <y>224</y>
      </Position>
    </Unit>
    <Unit>
      <Type>"AntiMagnet"</Type>
      <SpriteName>"AntiMagnet"</SpriteName>
      <Position>
        <x>320</x>
        <y>224</y>
      </Position>
    </Unit>
    <Unit>
      <Type>"AntiMagnet"</Type>
      <SpriteName>"AntiMagnet"</SpriteName>
      <Position>
        <x>384</x>
        <y>224</y>
      </Position>
    </Unit>

    <Unit>
      <Type>"Lava"</Type>
      <SpriteName>"AcidMiddle"</SpriteName>
      <Frames>8</Frames>
      <Speed>180</Speed>
      <Position>
        <x>192</x>
        <y>704</y>
      </Position>
      <Size>
        <x>64</x>
        <y>64</y>
      </Size>
    </Unit>
    <Unit>
      <Type>"Lava"</Type>
      <SpriteName>"AcidMiddle"</SpriteName>
      <Frames>8</Frames>
      <Speed>180</Speed>
      <Position>
        <x>256</x>
        <y>704</y>
      </Position>
      <Size>
        <x>64</x>
        <y>64</y>
      </Size>
    </Unit>
    <Unit>
      <Type>"Lava"</Type>
      <SpriteName>"AcidMiddle"</SpriteName>
      <Frames>8</Frames>
      <Speed>180</Speed>
      <Position>
        <x>320</x>
        <y>704</y>
      </Position>
      <Size>
        <x>64</x>
        <y>64</y>
      </Size>
    </Unit>

    <Unit>
      <Type>"Lava"</Type>
      <SpriteName>"AcidMiddle"</SpriteName>
      <Frames>8</Frames>
      <Speed>180</Speed>
      <Position>
        <x>768</x>
        <y>704</y>
      </Position>
      <Size>
        <x>64</x>
        <y>64</y>
      </Size>
    </Unit>
    <Unit>
      <Type>"Lava"</Type>
      <SpriteName>"AcidMiddle"</SpriteName>
      <Frames>8</Frames>
      <Speed>180</Speed>
      <Position>
        <x>832</x>
        <y>704</y>
      </Position>
      <Size>
        <x>64</x>
        <y>64</y>
      </Size>
    </Unit>
    <Unit>
      <Type>"Lava"</Type>
      <SpriteName>"AcidMiddle"</SpriteName>
      <Frames>8</Frames>
      <Speed>180</Speed>
      <Position>
        <x>896</x>
        <y>704</y>
      </Position>
      <Size>
        <x>64</x>
        <y>64</y>
      </Size>
    </Unit>

    <Unit>
      <Type>"Ram"</Type>
      <SpriteName>"BankRam1"</SpriteName>
      <Position>
        <x>0</x>
        <y>0</y>
      </Position>
    </Unit>
    <Unit>
      <Type>"Ram"</Type>
      <SpriteName>"BankRam2"</SpriteName>
      <Position>
        <x>1216</x>
        <y>0</y>
      </Position>
    </Unit>
  </Objects>
</Level>