<?xml version="1.0" encoding="utf-8"?>
<Level>
  <Name>"Tutorial1"</Name>
  <Backgrounds>
    <Background>
      <Frames>1</Frames>
      <Speed>120</Speed>
      <SpriteName>"Tutorial1Office"</SpriteName>
      <Position>
        <x>0</x>
        <y>0</y>
      </Position>
    </Background>
  </Backgrounds>

  <Objects>
    <Unit>
      <Type>"Player"</Type>
      <Position>
        <x>576</x>
        <y>672</y>
      </Position>
      <Size>
        <x>64</x>
        <y>64</y>
      </Size>
    </Unit>

    <Unit>
      <Type>"Meanix"</Type>
      <SpriteName>"MeanixBank2"</SpriteName>
      <SpriteName2>"MeanixBank"</SpriteName2>
      <Frames>8</Frames>
      <Speed>100</Speed>
      <Position>
        <x>806</x>
        <y>576</y>
      </Position>
      <Size>
        <x>64</x>
        <y>64</y>
      </Size>
    </Unit>

    <Unit>
      <Type>"Platform"</Type>
      <SpriteName>"Tutorial1Floor"</SpriteName>
      <Position>
        <x>0</x>
        <y>704</y>
      </Position>
    </Unit>
    <Unit>
      <Type>"Platform"</Type>
      <SpriteName>"Tutorial1Roof"</SpriteName>
      <Position>
        <x>64</x>
        <y>0</y>
      </Position>
    </Unit>
    <Unit>
      <Type>"Platform"</Type>
      <SpriteName>"Tutorial1Wall"</SpriteName>
      <Position>
        <x>0</x>
        <y>0</y>
      </Position>
    </Unit>
    
    <Unit>
      <Type>"Platform"</Type>
      <SpriteName>"Tutorial1Door"</SpriteName>
      <Position>
        <x>0</x>
        <y>503</y>
      </Position>
    </Unit>
    <Unit>
      <Type>"Platform"</Type>
      <SpriteName>"Tutorial1Desk"</SpriteName>
      <Position>
        <x>660</x>
        <y>640</y>
      </Position>
    </Unit>
    <Unit>
      <Type>"Platform"</Type>
      <SpriteName>"Tutorial1Window"</SpriteName>
      <Position>
        <x>920</x>
        <y>64</y>
      </Position>
    </Unit>
    <Unit>
      <Type>"Platform"</Type>
      <SpriteName>"Tutorial1House"</SpriteName>
      <Position>
        <x>1024</x>
        <y>704</y>
      </Position>
    </Unit>
    

    <Unit>
      <Type>"Door"</Type>
      <SpriteName>"BankSign"</SpriteName>
      <Position>
        <x>1180</x>
        <y>604</y>
      </Position>
      <Size>
        <x>50</x>
        <y>100</y>
      </Size>
      <Offset>
        <x>50</x>
        <y>0</y>
      </Offset>
      <Behind>true</Behind>
      <Solid>false</Solid>
    </Unit>

    <Unit>
      <Type>"Unclimbable"</Type>
      <SpriteName>""</SpriteName>
      <Position>
        <x>0</x>
        <y>-64</y>
      </Position>
      <Size>
        <x>1280</x>
        <y>64</y>
      </Size>
    </Unit>
    <Unit>
      <Type>"Unclimbable"</Type>
      <SpriteName>""</SpriteName>
      <Position>
        <x>-64</x>
        <y>64</y>
      </Position>
      <Size>
        <x>64</x>
        <y>636</y>
      </Size>
    </Unit>
    <Unit>
      <Type>"Unclimbable"</Type>
      <SpriteName>""</SpriteName>
      <Position>
        <x>1280</x>
        <y>64</y>
      </Position>
      <Size>
        <x>64</x>
        <y>768</y>
      </Size>
    </Unit>
    
    <Unit>
      <Type>Kill</Type>
      <Position>
        <x>0</x>
        <y>900</y>
      </Position>
      <Size>
        <x>1280</x>
        <y>10</y>
      </Size>
      <SpriteName>""</SpriteName>
      <Solid>false</Solid>
    </Unit>

  </Objects>
</Level>