<?xml version="1.0" encoding="utf-8"?>
<Level>
  <Name>"Tutorial6"</Name>
  <Backgrounds>
    <Background>
      <Frames>1</Frames>
      <Speed>120</Speed>
      <SpriteName>"BankBackground2"</SpriteName>
      <Position>
        <x>0</x>
        <y>0</y>
      </Position>
    </Background>
    <Background>
      <Frames>1</Frames>
      <Speed>120</Speed>
      <SpriteName>"BankBackground3"</SpriteName>
      <Position>
        <x>0</x>
        <y>0</y>
      </Position>
    </Background>
  </Backgrounds>

  <Objects>
    <Unit>
      <Type>"Player"</Type>
      <Position>
        <x>64</x>
        <y>384</y>
      </Position>
      <Size>
        <x>64</x>
        <y>64</y>
      </Size>
    </Unit>

    <!--<Unit>
      <Type>"Light"</Type>
      <SpriteName>"BankLight"</SpriteName>
      <Position>
        <x>256</x>
        <y>224</y>
      </Position>
      <Solid>false</Solid>
      <Behind>true</Behind>
    </Unit>-->
    
    <Unit>
      <Type>"DialogueBox"</Type>
      <Id>"TutorialBox1"</Id>
      <SpriteName>"HelpCombo"</SpriteName>
      <Position>
        <x>288</x>
        <y>256</y>
      </Position>
      <Text>""</Text>
      <Visible>false</Visible>
      <FadeIn>false</FadeIn>
    </Unit>

    <Unit>
      <Type>Trigger</Type>
      <Position>
        <x>140</x>
        <y>472</y>
      </Position>
      <SpriteName>TriggerTutorial</SpriteName>
      <Target>TutorialBox1</Target>
      <Id>Trigger1</Id>
      <Sound>TriggerHelp</Sound>
    </Unit>

    <Unit>
      <Type>"Laser"</Type>
      <Position>
        <x>320</x>
        <y>500</y>
      </Position>
      <Id>"LaserRed1"</Id>
      <Active>true</Active>
      <Length>320</Length>
      <Rotation>270</Rotation>
      <Color>"Red"</Color>
      <VisibilityRange>100</VisibilityRange>
    </Unit>
    <Unit>
      <Type>"Laser"</Type>
      <Position>
        <x>352</x>
        <y>532</y>
      </Position>
      <Id>"LaserRed1"</Id>
      <Active>true</Active>
      <Length>288</Length>
      <Rotation>270</Rotation>
      <Color>"Red"</Color>
      <VisibilityRange>100</VisibilityRange>
    </Unit>
    
  <!--<Objects>
    <Unit>
      <Type>"HelpBox"</Type>
      <SpriteName>"HelpBoxInactive"</SpriteName>
      <Position>
        <x>144</x>
        <y>418</y>
      </Position>
      <Size>
        <x>32</x>
        <y>32</y>
      </Size>
      <Solid>false</Solid>
    </Unit>
    <Unit>
      <Type>"HelpBox"</Type>
      <SpriteName>"HelpBoxInactive"</SpriteName>
      <Position>
        <x>272</x>
        <y>512</y>
      </Position>
      <Size>
        <x>32</x>
        <y>32</y>
      </Size>
      <Solid>false</Solid>
    </Unit>
    <Unit>
      <Type>"HelpBox"</Type>
      <SpriteName>"HelpBoxInactive"</SpriteName>
      <Position>
        <x>48</x>
        <y>272</y>
      </Position>
      <Size>
        <x>32</x>
        <y>32</y>
      </Size>
      <Solid>false</Solid>
    </Unit>
    <Unit>
      <Type>"HelpBox"</Type>
      <SpriteName>"HelpBoxInactive"</SpriteName>
      <Position>
        <x>400</x>
        <y>418</y>
      </Position>
      <Size>
        <x>32</x>
        <y>32</y>
      </Size>
      <Solid>false</Solid>
    </Unit>
    <Unit>
      <Type>"HelpBox"</Type>
      <SpriteName>"HelpBoxInactive"</SpriteName>
      <Position>
        <x>528</x>
        <y>418</y>
      </Position>
      <Size>
        <x>32</x>
        <y>32</y>
      </Size>
      <Solid>false</Solid>
    </Unit>
    <Unit>
      <Type>"HelpBox"</Type>
      <SpriteName>"HelpBoxInactive"</SpriteName>
      <Position>
        <x>688</x>
        <y>418</y>
      </Position>
      <Size>
        <x>32</x>
        <y>32</y>
      </Size>
      <Solid>false</Solid>
    </Unit>
    <Unit>
      <Type>"HelpBox"</Type>
      <SpriteName>"HelpBoxInactive"</SpriteName>
      <Position>
        <x>880</x>
        <y>418</y>
      </Position>
      <Size>
        <x>32</x>
        <y>32</y>
      </Size>
      <Solid>false</Solid>
    </Unit>
    <Unit>
      <Type>"HelpBox"</Type>
      <SpriteName>"HelpBoxInactive"</SpriteName>
      <Position>
        <x>1072</x>
        <y>418</y>
      </Position>
      <Size>
        <x>32</x>
        <y>32</y>
      </Size>
      <Solid>false</Solid>
    </Unit>

    <Unit>
      <Type>"Platform"</Type>
      <SpriteName>"Tile2"</SpriteName>
      <Position>
        <x>64</x>
        <y>480</y>
      </Position>
      <Size>
        <x>64</x>
        <y>64</y>
      </Size>
    </Unit>
    <Unit>
      <Type>"Platform"</Type>
      <SpriteName>"Tile3"</SpriteName>
      <Position>
        <x>128</x>
        <y>480</y>
      </Position>
      <Size>
        <x>64</x>
        <y>64</y>
      </Size>
    </Unit>
    <Unit>
      <Type>"Platform"</Type>
      <SpriteName>"Tile4"</SpriteName>
      <Position>
        <x>256</x>
        <y>576</y>
      </Position>
      <Size>
        <x>64</x>
        <y>64</y>
      </Size>
    </Unit>
    <Unit>
      <Type>"Platform"</Type>
      <SpriteName>"Tile6"</SpriteName>
      <Position>
        <x>384</x>
        <y>480</y>
      </Position>
      <Size>
        <x>64</x>
        <y>64</y>
      </Size>
    </Unit>
    <Unit>
      <Type>"Platform"</Type>
      <SpriteName>"Tile6"</SpriteName>
      <Position>
        <x>448</x>
        <y>480</y>
      </Position>
      <Size>
        <x>64</x>
        <y>64</y>
      </Size>
    </Unit>
    <Unit>
      <Type>"Platform"</Type>
      <SpriteName>"Tile6"</SpriteName>
      <Position>
        <x>512</x>
        <y>480</y>
      </Position>
      <Size>
        <x>64</x>
        <y>64</y>
      </Size>
    </Unit>
    <Unit>
      <Type>"Platform"</Type>
      <SpriteName>"Tile3"</SpriteName>
      <Position>
        <x>576</x>
        <y>480</y>
      </Position>
      <Size>
        <x>64</x>
        <y>64</y>
      </Size>
    </Unit>
    <Unit>
      <Type>"Platform"</Type>
      <SpriteName>"Tile3"</SpriteName>
      <Position>
        <x>640</x>
        <y>480</y>
      </Position>
      <Size>
        <x>64</x>
        <y>64</y>
      </Size>
    </Unit>
    <Unit>
      <Type>"Platform"</Type>
      <SpriteName>"Tile6"</SpriteName>
      <Position>
        <x>704</x>
        <y>480</y>
      </Position>
      <Size>
        <x>64</x>
        <y>64</y>
      </Size>
    </Unit>
    <Unit>
      <Type>"Platform"</Type>
      <SpriteName>"Tile3"</SpriteName>
      <Position>
        <x>768</x>
        <y>480</y>
      </Position>
      <Size>
        <x>64</x>
        <y>64</y>
      </Size>
    </Unit>
    <Unit>
      <Type>"Platform"</Type>
      <SpriteName>"Tile6"</SpriteName>
      <Position>
        <x>832</x>
        <y>480</y>
      </Position>
      <Size>
        <x>64</x>
        <y>64</y>
      </Size>
    </Unit>
    <Unit>
      <Type>"Platform"</Type>
      <SpriteName>"Tile2"</SpriteName>
      <Position>
        <x>896</x>
        <y>480</y>
      </Position>
      <Size>
        <x>64</x>
        <y>64</y>
      </Size>
    </Unit>
    <Unit>
      <Type>"Platform"</Type>
      <SpriteName>"Tile4"</SpriteName>
      <Position>
        <x>960</x>
        <y>480</y>
      </Position>
      <Size>
        <x>64</x>
        <y>64</y>
      </Size>
    </Unit>
    <Unit>
      <Type>"Platform"</Type>
      <SpriteName>"Tile6"</SpriteName>
      <Position>
        <x>1024</x>
        <y>480</y>
      </Position>
      <Size>
        <x>64</x>
        <y>64</y>
      </Size>
    </Unit>
    <Unit>
      <Type>"Platform"</Type>
      <SpriteName>"Tile4"</SpriteName>
      <Position>
        <x>1088</x>
        <y>480</y>
      </Position>
      <Size>
        <x>64</x>
        <y>64</y>
      </Size>
    </Unit>
    <Unit>
      <Type>"Platform"</Type>
      <SpriteName>"Tile8"</SpriteName>
      <Position>
        <x>1152</x>
        <y>480</y>
      </Position>
      <Size>
        <x>64</x>
        <y>64</y>
      </Size>
    </Unit>

    <Unit>
      <Type>"Platform"</Type>
      <SpriteName>"Tile2"</SpriteName>
      <Position>
        <x>64</x>
        <y>160</y>
      </Position>
      <Size>
        <x>64</x>
        <y>64</y>
      </Size>
    </Unit>
    <Unit>
      <Type>"Platform"</Type>
      <SpriteName>"Tile3"</SpriteName>
      <Position>
        <x>128</x>
        <y>160</y>
      </Position>
      <Size>
        <x>64</x>
        <y>64</y>
      </Size>
    </Unit>
    <Unit>
      <Type>"Platform"</Type>
      <SpriteName>"Tile4"</SpriteName>
      <Position>
        <x>192</x>
        <y>160</y>
      </Position>
      <Size>
        <x>64</x>
        <y>64</y>
      </Size>
    </Unit>
    <Unit>
      <Type>"Platform"</Type>
      <SpriteName>"Tile6"</SpriteName>
      <Position>
        <x>256</x>
        <y>160</y>
      </Position>
      <Size>
        <x>64</x>
        <y>64</y>
      </Size>
    </Unit>
    <Unit>
      <Type>"Platform"</Type>
      <SpriteName>"Tile6"</SpriteName>
      <Position>
        <x>320</x>
        <y>160</y>
      </Position>
      <Size>
        <x>64</x>
        <y>64</y>
      </Size>
    </Unit>
    <Unit>
      <Type>"Platform"</Type>
      <SpriteName>"Tile4"</SpriteName>
      <Position>
        <x>384</x>
        <y>160</y>
      </Position>
      <Size>
        <x>64</x>
        <y>64</y>
      </Size>
    </Unit>
    <Unit>
      <Type>"Platform"</Type>
      <SpriteName>"Tile8"</SpriteName>
      <Position>
        <x>448</x>
        <y>160</y>
      </Position>
      <Size>
        <x>64</x>
        <y>64</y>
      </Size>
    </Unit>
    <Unit>
      <Type>"Platform"</Type>
      <SpriteName>"Tile3"</SpriteName>
      <Position>
        <x>512</x>
        <y>160</y>
      </Position>
      <Size>
        <x>64</x>
        <y>64</y>
      </Size>
    </Unit>
    <Unit>
      <Type>"Platform"</Type>
      <SpriteName>"Tile3"</SpriteName>
      <Position>
        <x>576</x>
        <y>160</y>
      </Position>
      <Size>
        <x>64</x>
        <y>64</y>
      </Size>
    </Unit>
    <Unit>
      <Type>"Platform"</Type>
      <SpriteName>"Tile4"</SpriteName>
      <Position>
        <x>640</x>
        <y>160</y>
      </Position>
      <Size>
        <x>64</x>
        <y>64</y>
      </Size>
    </Unit>
    <Unit>
      <Type>"Platform"</Type>
      <SpriteName>"Tile6"</SpriteName>
      <Position>
        <x>704</x>
        <y>160</y>
      </Position>
      <Size>
        <x>64</x>
        <y>64</y>
      </Size>
    </Unit>
    <Unit>
      <Type>"Platform"</Type>
      <SpriteName>"Tile3"</SpriteName>
      <Position>
        <x>768</x>
        <y>160</y>
      </Position>
      <Size>
        <x>64</x>
        <y>64</y>
      </Size>
    </Unit>
    <Unit>
      <Type>"Platform"</Type>
      <SpriteName>"Tile6"</SpriteName>
      <Position>
        <x>832</x>
        <y>160</y>
      </Position>
      <Size>
        <x>64</x>
        <y>64</y>
      </Size>
    </Unit>
    <Unit>
      <Type>"Platform"</Type>
      <SpriteName>"Tile2"</SpriteName>
      <Position>
        <x>896</x>
        <y>160</y>
      </Position>
      <Size>
        <x>64</x>
        <y>64</y>
      </Size>
    </Unit>
    <Unit>
      <Type>"Platform"</Type>
      <SpriteName>"Tile4"</SpriteName>
      <Position>
        <x>960</x>
        <y>160</y>
      </Position>
      <Size>
        <x>64</x>
        <y>64</y>
      </Size>
    </Unit>

    <Unit>
      <Type>"AntiMagnet"</Type>
      <SpriteName>"AntiMagnet"</SpriteName>
      <Position>
        <x>64</x>
        <y>224</y>
      </Position>
    </Unit>
    <Unit>
      <Type>"AntiMagnet"</Type>
      <SpriteName>"AntiMagnet"</SpriteName>
      <Position>
        <x>128</x>
        <y>224</y>
      </Position>
    </Unit>
    <Unit>
      <Type>"AntiMagnet"</Type>
      <SpriteName>"AntiMagnet"</SpriteName>
      <Position>
        <x>192</x>
        <y>224</y>
      </Position>
    </Unit>
    <Unit>
      <Type>"AntiMagnet"</Type>
      <SpriteName>"AntiMagnet"</SpriteName>
      <Position>
        <x>256</x>
        <y>224</y>
      </Position>
    </Unit>
    <Unit>
      <Type>"AntiMagnet"</Type>
      <SpriteName>"AntiMagnet"</SpriteName>
      <Position>
        <x>320</x>
        <y>224</y>
      </Position>
    </Unit>
    <Unit>
      <Type>"AntiMagnet"</Type>
      <SpriteName>"AntiMagnet"</SpriteName>
      <Position>
        <x>384</x>
        <y>224</y>
      </Position>
    </Unit>-->

    <Unit>
      <Type>"Platform"</Type>
      <SpriteName>"BankFloor1"</SpriteName>
      <Position>
        <x>64</x>
        <y>480</y>
      </Position>
    </Unit>
    <Unit>
      <Type>"Platform"</Type>
      <SpriteName>"BankFloor2"</SpriteName>
      <Position>
        <x>640</x>
        <y>480</y>
      </Position>
    </Unit>
    <Unit>
      <Type>"Platform"</Type>
      <SpriteName>"BankBalcony"</SpriteName>
      <Position>
        <x>64</x>
        <y>124</y>
      </Position>
    </Unit>
    <!--<Unit>
      <Type>"Light"</Type>
      <SpriteName>"BankLight"</SpriteName>
      <Position>
        <x>768</x>
        <y>224</y>
      </Position>
      <Solid>false</Solid>
      <Behind>true</Behind>
    </Unit>-->


    <Unit>
      <Type>"Door"</Type>
      <SpriteName>"BankVaultSign"</SpriteName>
      <Position>
        <x>1116</x>
        <y>380</y>
      </Position>
      <Size>
        <x>32</x>
        <y>96</y>
      </Size>
      <Offset>
        <x>50</x>
        <y>0</y>
      </Offset>
      <Behind>true</Behind>
      <Solid>false</Solid>
    </Unit>

    <!--<Unit>
      <Type>"Lava"</Type>
      <SpriteName>"LavaMiddle"</SpriteName>
      <Frames>8</Frames>
      <Speed>	60</Speed>
      <Position>
        <x>64</x>
        <y>704</y>
      </Position>
      <Size>
        <x>64</x>
        <y>64</y>
      </Size>
    </Unit>
    <Unit>
      <Type>"Lava"</Type>
      <SpriteName>"LavaMiddle"</SpriteName>
      <Frames>8</Frames>
      <Speed>	60</Speed>
      <Position>
        <x>128</x>
        <y>704</y>
      </Position>
      <Size>
        <x>64</x>
        <y>64</y>
      </Size>
    </Unit>
    <Unit>
      <Type>"Lava"</Type>
      <SpriteName>"LavaMiddle"</SpriteName>
      <Frames>8</Frames>
      <Speed>	60</Speed>
      <Position>
        <x>192</x>
        <y>704</y>
      </Position>
      <Size>
        <x>64</x>
        <y>64</y>
      </Size>
    </Unit>
    <Unit>
      <Type>"Lava"</Type>
      <SpriteName>"LavaMiddle"</SpriteName>
      <Frames>8</Frames>
      <Speed>	60</Speed>
      <Position>
        <x>256</x>
        <y>704</y>
      </Position>
      <Size>
        <x>64</x>
        <y>64</y>
      </Size>
    </Unit>
    <Unit>
      <Type>"Lava"</Type>
      <SpriteName>"LavaMiddle"</SpriteName>
      <Frames>8</Frames>
      <Speed>	60</Speed>
      <Position>
        <x>320</x>
        <y>704</y>
      </Position>
      <Size>
        <x>64</x>
        <y>64</y>
      </Size>
    </Unit>
    <Unit>
      <Type>"Lava"</Type>
      <SpriteName>"LavaMiddle"</SpriteName>
      <Frames>8</Frames>
      <Speed>	60</Speed>
      <Position>
        <x>384</x>
        <y>704</y>
      </Position>
      <Size>
        <x>64</x>
        <y>64</y>
      </Size>
    </Unit>
    <Unit>
      <Type>"Lava"</Type>
      <SpriteName>"LavaMiddle"</SpriteName>
      <Frames>8</Frames>
      <Speed>	60</Speed>
      <Position>
        <x>448</x>
        <y>704</y>
      </Position>
      <Size>
        <x>64</x>
        <y>64</y>
      </Size>
    </Unit>
    <Unit>
      <Type>"Lava"</Type>
      <SpriteName>"LavaMiddle"</SpriteName>
      <Frames>8</Frames>
      <Speed>	60</Speed>
      <Position>
        <x>512</x>
        <y>704</y>
      </Position>
      <Size>
        <x>64</x>
        <y>64</y>
      </Size>
    </Unit>
    <Unit>
      <Type>"Lava"</Type>
      <SpriteName>"LavaMiddle"</SpriteName>
      <Frames>8</Frames>
      <Speed>	60</Speed>
      <Position>
        <x>576</x>
        <y>704</y>
      </Position>
      <Size>
        <x>64</x>
        <y>64</y>
      </Size>
    </Unit>
    <Unit>
      <Type>"Lava"</Type>
      <SpriteName>"LavaMiddle"</SpriteName>
      <Frames>8</Frames>
      <Speed>	60</Speed>
      <Position>
        <x>640</x>
        <y>704</y>
      </Position>
      <Size>
        <x>64</x>
        <y>64</y>
      </Size>
    </Unit>
    <Unit>
      <Type>"Lava"</Type>
      <SpriteName>"LavaMiddle"</SpriteName>
      <Frames>8</Frames>
      <Speed>	60</Speed>
      <Position>
        <x>704</x>
        <y>704</y>
      </Position>
      <Size>
        <x>64</x>
        <y>64</y>
      </Size>
    </Unit>
    <Unit>
      <Type>"Lava"</Type>
      <SpriteName>"LavaMiddle"</SpriteName>
      <Frames>8</Frames>
      <Speed>	60</Speed>
      <Position>
        <x>768</x>
        <y>704</y>
      </Position>
      <Size>
        <x>64</x>
        <y>64</y>
      </Size>
    </Unit>
    <Unit>
      <Type>"Lava"</Type>
      <SpriteName>"LavaMiddle"</SpriteName>
      <Frames>8</Frames>
      <Speed>	60</Speed>
      <Position>
        <x>832</x>
        <y>704</y>
      </Position>
      <Size>
        <x>64</x>
        <y>64</y>
      </Size>
    </Unit>
    <Unit>
      <Type>"Lava"</Type>
      <SpriteName>"LavaMiddle"</SpriteName>
      <Frames>8</Frames>
      <Speed>	60</Speed>
      <Position>
        <x>896</x>
        <y>704</y>
      </Position>
      <Size>
        <x>64</x>
        <y>64</y>
      </Size>
    </Unit>
    <Unit>
      <Type>"Lava"</Type>
      <SpriteName>"LavaMiddle"</SpriteName>
      <Frames>8</Frames>
      <Speed>	60</Speed>
      <Position>
        <x>960</x>
        <y>704</y>
      </Position>
      <Size>
        <x>64</x>
        <y>64</y>
      </Size>
    </Unit>
    <Unit>
      <Type>"Lava"</Type>
      <SpriteName>"LavaMiddle"</SpriteName>
      <Frames>8</Frames>
      <Speed>	60</Speed>
      <Position>
        <x>1024</x>
        <y>704</y>
      </Position>
      <Size>
        <x>64</x>
        <y>64</y>
      </Size>
    </Unit>
    <Unit>
      <Type>"Lava"</Type>
      <SpriteName>"LavaMiddle"</SpriteName>
      <Frames>8</Frames>
      <Speed>	60</Speed>
      <Position>
        <x>1088</x>
        <y>704</y>
      </Position>
      <Size>
        <x>64</x>
        <y>64</y>
      </Size>
    </Unit>
    <Unit>
      <Type>"Lava"</Type>
      <SpriteName>"LavaMiddle"</SpriteName>
      <Frames>8</Frames>
      <Speed>	60</Speed>
      <Position>
        <x>1152</x>
        <y>704</y>
      </Position>
      <Size>
        <x>64</x>
        <y>64</y>
      </Size>
    </Unit>-->
    <Unit>
      <Type>Kill</Type>
      <Position>
        <x>0</x>
        <y>768</y>
      </Position>
      <Size>
        <x>1280</x>
        <y>64</y>
      </Size>
      <SpriteName>""</SpriteName>
      <Solid>false</Solid>
    </Unit>
    <Unit>
      <Type>"Ram"</Type>
      <SpriteName>"BankRam1"</SpriteName>
      <Position>
        <x>0</x>
        <y>0</y>
      </Position>
    </Unit>
    <Unit>
      <Type>"Ram"</Type>
      <SpriteName>"BankRam2"</SpriteName>
      <Position>
        <x>1216</x>
        <y>0</y>
      </Position>
    </Unit>
  </Objects>
</Level>