<?xml version="1.0" encoding="utf-8"?>
<Level>
  <Name>"Test Bana"</Name>
  <Backgrounds>
    <Background>
      <Frames>1</Frames>
      <Speed>120</Speed>
      <SpriteName>"Tutorial2a"</SpriteName>
      <Position>
        <x>0</x>
        <y>0</y>
      </Position>
    </Background>
    <Background>
      <Frames>1</Frames>
      <Speed>120</Speed>
      <SpriteName>"Tutorial2b"</SpriteName>
      <Position>
        <x>640</x>
        <y>0</y>
      </Position>
    </Background>
  </Backgrounds>

  <Objects>
    <Unit>
      <Type>"HelpBox"</Type>
      <SpriteName>"HelpBoxInactive"</SpriteName>
      <Position>
        <x>208</x>
        <y>416</y>
      </Position>
      <Size>
        <x>32</x>
        <y>32</y>
      </Size>
      <Solid>false</Solid>
    </Unit>
    <Unit>
      <Type>"HelpBox"</Type>
      <SpriteName>"HelpBoxInactive"</SpriteName>
      <Position>
        <x>400</x>
        <y>416</y>
      </Position>
      <Size>
        <x>32</x>
        <y>32</y>
      </Size>
      <Solid>false</Solid>
    </Unit>
    <Unit>
      <Type>"HelpBox"</Type>
      <SpriteName>"HelpBoxInactive"</SpriteName>
      <Position>
        <x>592</x>
        <y>416</y>
      </Position>
      <Size>
        <x>32</x>
        <y>32</y>
      </Size>
      <Solid>false</Solid>
    </Unit>
    <Unit>
      <Type>"HelpBox"</Type>
      <SpriteName>"HelpBoxInactive"</SpriteName>
      <Position>
        <x>912</x>
        <y>416</y>
      </Position>
      <Size>
        <x>32</x>
        <y>32</y>
      </Size>
      <Solid>false</Solid>
    </Unit>
    <Unit>
      <Type>"HelpBox"</Type>
      <SpriteName>"HelpBoxInactive"</SpriteName>
      <Position>
        <x>976</x>
        <y>416</y>
      </Position>
      <Size>
        <x>32</x>
        <y>32</y>
      </Size>
      <Solid>false</Solid>
    </Unit>
    <Unit>
      <Type>"HelpBox"</Type>
      <SpriteName>"HelpBoxInactive"</SpriteName>
      <Position>
        <x>1040</x>
        <y>416</y>
      </Position>
      <Size>
        <x>32</x>
        <y>32</y>
      </Size>
      <Solid>false</Solid>
    </Unit>

    <Unit>
      <Type>"Player"</Type>
      <Position>
        <x>64</x>
        <y>384</y>
      </Position>
      <Size>
        <x>64</x>
        <y>64</y>
      </Size>
    </Unit>

    <Unit>
      <Type>"Platform"</Type>
      <SpriteName>"Tile2"</SpriteName>
      <Position>
        <x>64</x>
        <y>480</y>
      </Position>
      <Size>
        <x>64</x>
        <y>64</y>
      </Size>
    </Unit>
    <Unit>
      <Type>"Platform"</Type>
      <SpriteName>"Tile3"</SpriteName>
      <Position>
        <x>128</x>
        <y>480</y>
      </Position>
      <Size>
        <x>64</x>
        <y>64</y>
      </Size>
    </Unit>
    <Unit>
      <Type>"Platform"</Type>
      <SpriteName>"Tile4"</SpriteName>
      <Position>
        <x>192</x>
        <y>480</y>
      </Position>
      <Size>
        <x>64</x>
        <y>64</y>
      </Size>
    </Unit>
    <Unit>
      <Type>"Platform"</Type>
      <SpriteName>"Tile6"</SpriteName>
      <Position>
        <x>256</x>
        <y>480</y>
      </Position>
      <Size>
        <x>64</x>
        <y>64</y>
      </Size>
    </Unit>
    <Unit>
      <Type>"Platform"</Type>
      <SpriteName>"Tile3"</SpriteName>
      <Position>
        <x>320</x>
        <y>480</y>
      </Position>
      <Size>
        <x>64</x>
        <y>64</y>
      </Size>
    </Unit>
    <Unit>
      <Type>"Platform"</Type>
      <SpriteName>"Tile3"</SpriteName>
      <Position>
        <x>384</x>
        <y>480</y>
      </Position>
      <Size>
        <x>64</x>
        <y>64</y>
      </Size>
    </Unit>
    <Unit>
      <Type>"Platform"</Type>
      <SpriteName>"Tile6"</SpriteName>
      <Position>
        <x>448</x>
        <y>480</y>
      </Position>
      <Size>
        <x>64</x>
        <y>64</y>
      </Size>
    </Unit>
    <Unit>
      <Type>"Platform"</Type>
      <SpriteName>"Tile3"</SpriteName>
      <Position>
        <x>512</x>
        <y>480</y>
      </Position>
      <Size>
        <x>64</x>
        <y>64</y>
      </Size>
    </Unit>
    <Unit>
      <Type>"Platform"</Type>
      <SpriteName>"Tile6"</SpriteName>
      <Position>
        <x>576</x>
        <y>480</y>
      </Position>
      <Size>
        <x>64</x>
        <y>64</y>
      </Size>
    </Unit>
    <Unit>
      <Type>"Platform"</Type>
      <SpriteName>"Tile2"</SpriteName>
      <Position>
        <x>640</x>
        <y>480</y>
      </Position>
      <Size>
        <x>64</x>
        <y>64</y>
      </Size>
    </Unit>
    <Unit>
      <Type>"Platform"</Type>
      <SpriteName>"Tile4"</SpriteName>
      <Position>
        <x>704</x>
        <y>480</y>
      </Position>
      <Size>
        <x>64</x>
        <y>64</y>
      </Size>
    </Unit>
    <Unit>
      <Type>"Platform"</Type>
      <SpriteName>"Tile6"</SpriteName>
      <Position>
        <x>768</x>
        <y>480</y>
      </Position>
      <Size>
        <x>64</x>
        <y>64</y>
      </Size>
    </Unit>
    <Unit>
      <Type>"Platform"</Type>
      <SpriteName>"Tile4"</SpriteName>
      <Position>
        <x>832</x>
        <y>480</y>
      </Position>
      <Size>
        <x>64</x>
        <y>64</y>
      </Size>
    </Unit>
    <Unit>
      <Type>"Platform"</Type>
      <SpriteName>"Tile8"</SpriteName>
      <Position>
        <x>896</x>
        <y>480</y>
      </Position>
      <Size>
        <x>64</x>
        <y>64</y>
      </Size>
    </Unit>
    <Unit>
      <Type>"Platform"</Type>
      <SpriteName>"Tile8"</SpriteName>
      <Position>
        <x>960</x>
        <y>480</y>
      </Position>
      <Size>
        <x>64</x>
        <y>64</y>
      </Size>
    </Unit>
    <Unit>
      <Type>"Platform"</Type>
      <SpriteName>"Tile8"</SpriteName>
      <Position>
        <x>1024</x>
        <y>480</y>
      </Position>
      <Size>
        <x>64</x>
        <y>64</y>
      </Size>
    </Unit>
    <Unit>
      <Type>"Platform"</Type>
      <SpriteName>"Tile2"</SpriteName>
      <Position>
        <x>1088</x>
        <y>480</y>
      </Position>
      <Size>
        <x>64</x>
        <y>64</y>
      </Size>
    </Unit>
    <Unit>
      <Type>"Platform"</Type>
      <SpriteName>"Tile2"</SpriteName>
      <Position>
        <x>1152</x>
        <y>480</y>
      </Position>
      <Size>
        <x>64</x>
        <y>64</y>
      </Size>
    </Unit>

    <Unit>
      <Type>"Door"</Type>
      <SpriteName>"Exit"</SpriteName>
      <Position>
        <x>1152</x>
        <y>352</y>
      </Position>
      <Size>
        <x>64</x>
        <y>96</y>
      </Size>
      <Solid>false</Solid>
    </Unit>

    <Unit>
      <Type>"Lava"</Type>
      <SpriteName>"LavaMiddle"</SpriteName>
      <Frames>8</Frames>
      <Speed>	60</Speed>
      <Position>
        <x>64</x>
        <y>704</y>
      </Position>
      <Size>
        <x>64</x>
        <y>64</y>
      </Size>
    </Unit>
    <Unit>
      <Type>"Lava"</Type>
      <SpriteName>"LavaMiddle"</SpriteName>
      <Frames>8</Frames>
      <Speed>	60</Speed>
      <Position>
        <x>128</x>
        <y>704</y>
      </Position>
      <Size>
        <x>64</x>
        <y>64</y>
      </Size>
    </Unit>
    <Unit>
      <Type>"Lava"</Type>
      <SpriteName>"LavaMiddle"</SpriteName>
      <Frames>8</Frames>
      <Speed>	60</Speed>
      <Position>
        <x>192</x>
        <y>704</y>
      </Position>
      <Size>
        <x>64</x>
        <y>64</y>
      </Size>
    </Unit>
    <Unit>
      <Type>"Lava"</Type>
      <SpriteName>"LavaMiddle"</SpriteName>
      <Frames>8</Frames>
      <Speed>	60</Speed>
      <Position>
        <x>256</x>
        <y>704</y>
      </Position>
      <Size>
        <x>64</x>
        <y>64</y>
      </Size>
    </Unit>
    <Unit>
      <Type>"Lava"</Type>
      <SpriteName>"LavaMiddle"</SpriteName>
      <Frames>8</Frames>
      <Speed>	60</Speed>
      <Position>
        <x>320</x>
        <y>704</y>
      </Position>
      <Size>
        <x>64</x>
        <y>64</y>
      </Size>
    </Unit>
    <Unit>
      <Type>"Lava"</Type>
      <SpriteName>"LavaMiddle"</SpriteName>
      <Frames>8</Frames>
      <Speed>	60</Speed>
      <Position>
        <x>384</x>
        <y>704</y>
      </Position>
      <Size>
        <x>64</x>
        <y>64</y>
      </Size>
    </Unit>
    <Unit>
      <Type>"Lava"</Type>
      <SpriteName>"LavaMiddle"</SpriteName>
      <Frames>8</Frames>
      <Speed>	60</Speed>
      <Position>
        <x>448</x>
        <y>704</y>
      </Position>
      <Size>
        <x>64</x>
        <y>64</y>
      </Size>
    </Unit>
    <Unit>
      <Type>"Lava"</Type>
      <SpriteName>"LavaMiddle"</SpriteName>
      <Frames>8</Frames>
      <Speed>	60</Speed>
      <Position>
        <x>512</x>
        <y>704</y>
      </Position>
      <Size>
        <x>64</x>
        <y>64</y>
      </Size>
    </Unit>
    <Unit>
      <Type>"Lava"</Type>
      <SpriteName>"LavaMiddle"</SpriteName>
      <Frames>8</Frames>
      <Speed>	60</Speed>
      <Position>
        <x>576</x>
        <y>704</y>
      </Position>
      <Size>
        <x>64</x>
        <y>64</y>
      </Size>
    </Unit>
    <Unit>
      <Type>"Lava"</Type>
      <SpriteName>"LavaMiddle"</SpriteName>
      <Frames>8</Frames>
      <Speed>	60</Speed>
      <Position>
        <x>640</x>
        <y>704</y>
      </Position>
      <Size>
        <x>64</x>
        <y>64</y>
      </Size>
    </Unit>
    <Unit>
      <Type>"Lava"</Type>
      <SpriteName>"LavaMiddle"</SpriteName>
      <Frames>8</Frames>
      <Speed>	60</Speed>
      <Position>
        <x>704</x>
        <y>704</y>
      </Position>
      <Size>
        <x>64</x>
        <y>64</y>
      </Size>
    </Unit>
    <Unit>
      <Type>"Lava"</Type>
      <SpriteName>"LavaMiddle"</SpriteName>
      <Frames>8</Frames>
      <Speed>	60</Speed>
      <Position>
        <x>768</x>
        <y>704</y>
      </Position>
      <Size>
        <x>64</x>
        <y>64</y>
      </Size>
    </Unit>
    <Unit>
      <Type>"Lava"</Type>
      <SpriteName>"LavaMiddle"</SpriteName>
      <Frames>8</Frames>
      <Speed>	60</Speed>
      <Position>
        <x>832</x>
        <y>704</y>
      </Position>
      <Size>
        <x>64</x>
        <y>64</y>
      </Size>
    </Unit>
    <Unit>
      <Type>"Lava"</Type>
      <SpriteName>"LavaMiddle"</SpriteName>
      <Frames>8</Frames>
      <Speed>	60</Speed>
      <Position>
        <x>896</x>
        <y>704</y>
      </Position>
      <Size>
        <x>64</x>
        <y>64</y>
      </Size>
    </Unit>
    <Unit>
      <Type>"Lava"</Type>
      <SpriteName>"LavaMiddle"</SpriteName>
      <Frames>8</Frames>
      <Speed>	60</Speed>
      <Position>
        <x>960</x>
        <y>704</y>
      </Position>
      <Size>
        <x>64</x>
        <y>64</y>
      </Size>
    </Unit>
    <Unit>
      <Type>"Lava"</Type>
      <SpriteName>"LavaMiddle"</SpriteName>
      <Frames>8</Frames>
      <Speed>	60</Speed>
      <Position>
        <x>1024</x>
        <y>704</y>
      </Position>
      <Size>
        <x>64</x>
        <y>64</y>
      </Size>
    </Unit>
    <Unit>
      <Type>"Lava"</Type>
      <SpriteName>"LavaMiddle"</SpriteName>
      <Frames>8</Frames>
      <Speed>	60</Speed>
      <Position>
        <x>1088</x>
        <y>704</y>
      </Position>
      <Size>
        <x>64</x>
        <y>64</y>
      </Size>
    </Unit>
    <Unit>
      <Type>"Lava"</Type>
      <SpriteName>"LavaMiddle"</SpriteName>
      <Frames>8</Frames>
      <Speed>	60</Speed>
      <Position>
        <x>1152</x>
        <y>704</y>
      </Position>
      <Size>
        <x>64</x>
        <y>64</y>
      </Size>
    </Unit>

    <Unit>
      <Type>"Ram"</Type>
      <SpriteName>"RamTop1"</SpriteName>
      <Position>
        <x>0</x>
        <y>0</y>
      </Position>
      <Size>
        <x>1280</x>
        <y>64</y>
      </Size>
    </Unit>
    <Unit>
      <Type>"Ram"</Type>
      <SpriteName>"RamTop2"</SpriteName>
      <Position>
        <x>640</x>
        <y>0</y>
      </Position>
      <Size>
        <x>1280</x>
        <y>64</y>
      </Size>
    </Unit>
    <Unit>
      <Type>"Ram"</Type>
      <SpriteName>"RamLeft1"</SpriteName>
      <Position>
        <x>0</x>
        <y>64</y>
      </Position>
      <Size>
        <x>64</x>
        <y>636</y>
      </Size>
    </Unit>
    <Unit>
      <Type>"Ram"</Type>
      <SpriteName>"RamRight1"</SpriteName>
      <Position>
        <x>1216</x>
        <y>64</y>
      </Position>
      <Size>
        <x>64</x>
        <y>636</y>
      </Size>
    </Unit>
    <Unit>
      <Type>"Ram"</Type>
      <SpriteName>"RamPipeLeft1"</SpriteName>
      <Position>
        <x>0</x>
        <y>696</y>
      </Position>
      <Size>
        <x>78</x>
        <y>72</y>
      </Size>
    </Unit>
    <Unit>
      <Type>"Ram"</Type>
      <SpriteName>"RamPipeRight1"</SpriteName>
      <Position>
        <x>1202</x>
        <y>696</y>
      </Position>
      <Size>
        <x>78</x>
        <y>72</y>
      </Size>
    </Unit>
  </Objects>
</Level>